[{"model": "admin.logentry", "pk": 1, "fields": {"action_time": "2021-10-18T07:17:44.600Z", "user": 1, "content_type": 8, "object_id": "1", "object_repr": "mentors object (1)", "action_flag": 1, "change_message": "[{\"added\": {}}]"}}, {"model": "admin.logentry", "pk": 2, "fields": {"action_time": "2021-10-18T07:25:06.867Z", "user": 1, "content_type": 8, "object_id": "2", "object_repr": "mentors object (2)", "action_flag": 1, "change_message": "[{\"added\": {}}]"}}, {"model": "admin.logentry", "pk": 3, "fields": {"action_time": "2021-10-18T07:27:15.206Z", "user": 1, "content_type": 8, "object_id": "3", "object_repr": "mentors object (3)", "action_flag": 1, "change_message": "[{\"added\": {}}]"}}, {"model": "admin.logentry", "pk": 4, "fields": {"action_time": "2021-10-18T07:28:26.561Z", "user": 1, "content_type": 8, "object_id": "4", "object_repr": "mentors object (4)", "action_flag": 1, "change_message": "[{\"added\": {}}]"}}, {"model": "admin.logentry", "pk": 5, "fields": {"action_time": "2021-10-20T07:06:48.878Z", "user": 1, "content_type": 7, "object_id": "1", "object_repr": "employee object (1)", "action_flag": 1, "change_message": "[{\"added\": {}}]"}}, {"model": "admin.logentry", "pk": 6, "fields": {"action_time": "2021-10-20T07:06:51.705Z", "user": 1, "content_type": 9, "object_id": "1", "object_repr": "project object (1)", "action_flag": 1, "change_message": "[{\"added\": {}}]"}}, {"model": "admin.logentry", "pk": 7, "fields": {"action_time": "2021-10-20T14:37:34.604Z", "user": 1, "content_type": 7, "object_id": "1", "object_repr": "employee object (1)", "action_flag": 2, "change_message": "[{\"changed\": {\"fields\": [\"Name\", \"Title\", \"Description\", \"Skills\", \"Projects\", \"Interest\", \"Linkedin\", \"Github\", \"Mail\", \"Picture\"]}}]"}}, {"model": "admin.logentry", "pk": 8, "fields": {"action_time": "2021-10-20T15:36:24.731Z", "user": 1, "content_type": 7, "object_id": "2", "object_repr": "Hamza Shabbir", "action_flag": 1, "change_message": "[{\"added\": {}}]"}}, {"model": "admin.logentry", "pk": 9, "fields": {"action_time": "2021-10-20T15:36:30.648Z", "user": 1, "content_type": 7, "object_id": "2", "object_repr": "Hamza Shabbir", "action_flag": 2, "change_message": "[]"}}, {"model": "admin.logentry", "pk": 10, "fields": {"action_time": "2021-10-20T15:36:37.376Z", "user": 1, "content_type": 7, "object_id": "2", "object_repr": "Hamza Shabbir", "action_flag": 2, "change_message": "[]"}}, {"model": "admin.logentry", "pk": 11, "fields": {"action_time": "2021-10-20T15:38:38.047Z", "user": 1, "content_type": 7, "object_id": "3", "object_repr": "Hafiz Wajeh Ul Hasan", "action_flag": 1, "change_message": "[{\"added\": {}}]"}}, {"model": "admin.logentry", "pk": 12, "fields": {"action_time": "2021-10-20T15:45:41.349Z", "user": 1, "content_type": 7, "object_id": "4", "object_repr": "Syed Muhammad Ibad ur Rahman", "action_flag": 1, "change_message": "[{\"added\": {}}]"}}, {"model": "admin.logentry", "pk": 13, "fields": {"action_time": "2021-10-20T15:47:43.502Z", "user": 1, "content_type": 7, "object_id": "5", "object_repr": "Zain Rizwan Khan", "action_flag": 1, "change_message": "[{\"added\": {}}]"}}, {"model": "admin.logentry", "pk": 14, "fields": {"action_time": "2021-10-20T15:49:23.113Z", "user": 1, "content_type": 7, "object_id": "6", "object_repr": "Aireen Amir Jalal", "action_flag": 1, "change_message": "[{\"added\": {}}]"}}, {"model": "admin.logentry", "pk": 15, "fields": {"action_time": "2021-10-20T15:51:28.196Z", "user": 1, "content_type": 7, "object_id": "7", "object_repr": "Zeeshan Rafique", "action_flag": 1, "change_message": "[{\"added\": {}}]"}}, {"model": "admin.logentry", "pk": 16, "fields": {"action_time": "2021-10-20T15:56:11.688Z", "user": 1, "content_type": 7, "object_id": "8", "object_repr": "Muhammad Waleed Waseem", "action_flag": 1, "change_message": "[{\"added\": {}}]"}}, {"model": "admin.logentry", "pk": 17, "fields": {"action_time": "2021-10-20T15:57:32.659Z", "user": 1, "content_type": 7, "object_id": "9", "object_repr": "Sajjad Ahmed", "action_flag": 1, "change_message": "[{\"added\": {}}]"}}, {"model": "admin.logentry", "pk": 18, "fields": {"action_time": "2021-10-20T15:58:54.026Z", "user": 1, "content_type": 7, "object_id": "10", "object_repr": "Usman Zain ul Abedin", "action_flag": 1, "change_message": "[{\"added\": {}}]"}}, {"model": "admin.logentry", "pk": 19, "fields": {"action_time": "2021-10-21T05:19:30.900Z", "user": 1, "content_type": 9, "object_id": "1", "object_repr": "Reverse Engineering Rocket Chip", "action_flag": 2, "change_message": "[{\"changed\": {\"fields\": [\"TeamMembers\"]}}]"}}, {"model": "admin.logentry", "pk": 20, "fields": {"action_time": "2021-10-21T05:52:59.650Z", "user": 1, "content_type": 11, "object_id": "1", "object_repr": "technical_board object (1)", "action_flag": 1, "change_message": "[{\"added\": {}}]"}}, {"model": "admin.logentry", "pk": 21, "fields": {"action_time": "2021-10-21T05:53:45.579Z", "user": 1, "content_type": 11, "object_id": "2", "object_repr": "ASAD KHAN", "action_flag": 1, "change_message": "[{\"added\": {}}]"}}, {"model": "admin.logentry", "pk": 22, "fields": {"action_time": "2021-10-21T05:54:13.262Z", "user": 1, "content_type": 11, "object_id": "3", "object_repr": "AMEEN ASHRAF", "action_flag": 1, "change_message": "[{\"added\": {}}]"}}, {"model": "admin.logentry", "pk": 23, "fields": {"action_time": "2021-10-21T05:54:38.661Z", "user": 1, "content_type": 11, "object_id": "4", "object_repr": "DR. ALI SHUJA SIDDIQUI", "action_flag": 1, "change_message": "[{\"added\": {}}]"}}, {"model": "admin.logentry", "pk": 24, "fields": {"action_time": "2021-10-21T06:05:54.413Z", "user": 1, "content_type": 12, "object_id": "1", "object_repr": "talks object (1)", "action_flag": 1, "change_message": "[{\"added\": {}}]"}}, {"model": "admin.logentry", "pk": 25, "fields": {"action_time": "2021-10-21T06:06:53.364Z", "user": 1, "content_type": 12, "object_id": "2", "object_repr": "MERL is discussed in SiFive Symposium held at NED Karachi", "action_flag": 1, "change_message": "[{\"added\": {}}]"}}, {"model": "admin.logentry", "pk": 26, "fields": {"action_time": "2021-10-21T06:07:46.173Z", "user": 1, "content_type": 12, "object_id": "3", "object_repr": "RISC-V at OSFP LIVE event with Dr. Naveed Sherwani, Dr. Ali Ahmed", "action_flag": 1, "change_message": "[{\"added\": {}}]"}}, {"model": "admin.logentry", "pk": 27, "fields": {"action_time": "2021-10-21T06:23:00.073Z", "user": 1, "content_type": 12, "object_id": "3", "object_repr": "RISC-V at OSFP LIVE event with Dr. Naveed Sherwani, Dr. Ali Ahmed", "action_flag": 2, "change_message": "[{\"changed\": {\"fields\": [\"Video\"]}}]"}}, {"model": "admin.logentry", "pk": 28, "fields": {"action_time": "2021-10-22T13:08:51.906Z", "user": 1, "content_type": 7, "object_id": "4", "object_repr": "Syed Muhammad Ibad ur Rahman", "action_flag": 3, "change_message": ""}}, {"model": "admin.logentry", "pk": 29, "fields": {"action_time": "2021-10-22T13:09:30.824Z", "user": 1, "content_type": 7, "object_id": "10", "object_repr": "Usman Zain ul Abedin", "action_flag": 2, "change_message": "[]"}}, {"model": "admin.logentry", "pk": 30, "fields": {"action_time": "2021-10-22T13:12:34.647Z", "user": 1, "content_type": 9, "object_id": "2", "object_repr": "Oxygen Simulator", "action_flag": 1, "change_message": "[{\"added\": {}}]"}}, {"model": "admin.logentry", "pk": 31, "fields": {"action_time": "2021-10-24T11:04:12.007Z", "user": 1, "content_type": 7, "object_id": "11", "object_repr": "Shahzaib Kashif", "action_flag": 1, "change_message": "[{\"added\": {}}]"}}, {"model": "admin.logentry", "pk": 32, "fields": {"action_time": "2021-10-24T11:05:28.368Z", "user": 1, "content_type": 7, "object_id": "11", "object_repr": "Shahzaib Kashif", "action_flag": 2, "change_message": "[{\"changed\": {\"fields\": [\"Skills\", \"Projects\", \"Interest\"]}}]"}}, {"model": "admin.logentry", "pk": 33, "fields": {"action_time": "2021-10-24T11:35:57.122Z", "user": 1, "content_type": 7, "object_id": "11", "object_repr": "Shahzaib Kashif", "action_flag": 2, "change_message": "[{\"changed\": {\"fields\": [\"Picture\"]}}]"}}, {"model": "admin.logentry", "pk": 34, "fields": {"action_time": "2021-10-24T11:37:56.563Z", "user": 1, "content_type": 7, "object_id": "12", "object_repr": "Talha Ahmed", "action_flag": 1, "change_message": "[{\"added\": {}}]"}}, {"model": "admin.logentry", "pk": 35, "fields": {"action_time": "2021-10-24T11:39:32.551Z", "user": 1, "content_type": 7, "object_id": "13", "object_repr": "Syeda Fizza Jaffey", "action_flag": 1, "change_message": "[{\"added\": {}}]"}}, {"model": "admin.logentry", "pk": 36, "fields": {"action_time": "2021-10-24T11:40:13.838Z", "user": 1, "content_type": 7, "object_id": "13", "object_repr": "Syeda Fizza Jaffey", "action_flag": 2, "change_message": "[{\"changed\": {\"fields\": [\"Projects\"]}}]"}}, {"model": "admin.logentry", "pk": 37, "fields": {"action_time": "2021-10-24T11:43:07.956Z", "user": 1, "content_type": 7, "object_id": "14", "object_repr": "Muhammad Shahzaib", "action_flag": 1, "change_message": "[{\"added\": {}}]"}}, {"model": "admin.logentry", "pk": 38, "fields": {"action_time": "2021-10-24T11:45:12.834Z", "user": 1, "content_type": 7, "object_id": "15", "object_repr": "Muhammad Mohsin Siddiqui", "action_flag": 1, "change_message": "[{\"added\": {}}]"}}, {"model": "admin.logentry", "pk": 39, "fields": {"action_time": "2021-10-24T11:47:43.239Z", "user": 1, "content_type": 7, "object_id": "16", "object_repr": "Rehan Ejaz", "action_flag": 1, "change_message": "[{\"added\": {}}]"}}, {"model": "admin.logentry", "pk": 40, "fields": {"action_time": "2021-10-24T11:49:46.253Z", "user": 1, "content_type": 7, "object_id": "17", "object_repr": "Kinza Qamar Zaman", "action_flag": 1, "change_message": "[{\"added\": {}}]"}}, {"model": "admin.logentry", "pk": 41, "fields": {"action_time": "2021-10-24T11:51:45.500Z", "user": 1, "content_type": 7, "object_id": "18", "object_repr": "Wishah Naseer", "action_flag": 1, "change_message": "[{\"added\": {}}]"}}, {"model": "admin.logentry", "pk": 42, "fields": {"action_time": "2021-10-24T11:56:30.527Z", "user": 1, "content_type": 7, "object_id": "19", "object_repr": "Muhammad Uzair Qureshi", "action_flag": 1, "change_message": "[{\"added\": {}}]"}}, {"model": "admin.logentry", "pk": 43, "fields": {"action_time": "2021-10-24T11:58:34.030Z", "user": 1, "content_type": 7, "object_id": "20", "object_repr": "Agha Muqarib Ullah Khan", "action_flag": 1, "change_message": "[{\"added\": {}}]"}}, {"model": "admin.logentry", "pk": 44, "fields": {"action_time": "2021-10-24T12:03:48.846Z", "user": 1, "content_type": 7, "object_id": "21", "object_repr": "Saad Ali", "action_flag": 1, "change_message": "[{\"added\": {}}]"}}, {"model": "admin.logentry", "pk": 45, "fields": {"action_time": "2021-10-24T12:04:36.221Z", "user": 1, "content_type": 7, "object_id": "21", "object_repr": "Saad Ali", "action_flag": 2, "change_message": "[{\"changed\": {\"fields\": [\"Interest\", \"Picture\"]}}]"}}, {"model": "admin.logentry", "pk": 46, "fields": {"action_time": "2021-10-24T12:10:49.875Z", "user": 1, "content_type": 7, "object_id": "22", "object_repr": "Summaiya Saeed", "action_flag": 1, "change_message": "[{\"added\": {}}]"}}, {"model": "admin.logentry", "pk": 47, "fields": {"action_time": "2021-10-24T12:15:31.379Z", "user": 1, "content_type": 7, "object_id": "20", "object_repr": "Agha Muqarib Ullah Khan", "action_flag": 2, "change_message": "[{\"changed\": {\"fields\": [\"Picture\"]}}]"}}, {"model": "admin.logentry", "pk": 48, "fields": {"action_time": "2021-10-24T12:33:31.099Z", "user": 1, "content_type": 7, "object_id": "12", "object_repr": "Talha Ahmed", "action_flag": 2, "change_message": "[{\"changed\": {\"fields\": [\"Linkedin\"]}}]"}}, {"model": "admin.logentry", "pk": 49, "fields": {"action_time": "2021-10-24T12:35:22.292Z", "user": 1, "content_type": 7, "object_id": "12", "object_repr": "Talha Ahmed", "action_flag": 2, "change_message": "[{\"changed\": {\"fields\": [\"Picture\"]}}]"}}, {"model": "admin.logentry", "pk": 50, "fields": {"action_time": "2021-10-24T12:36:16.532Z", "user": 1, "content_type": 7, "object_id": "12", "object_repr": "Talha Ahmed", "action_flag": 2, "change_message": "[{\"changed\": {\"fields\": [\"Picture\"]}}]"}}, {"model": "admin.logentry", "pk": 51, "fields": {"action_time": "2021-10-24T12:44:39.212Z", "user": 1, "content_type": 7, "object_id": "23", "object_repr": "Mahnoor Ismail", "action_flag": 1, "change_message": "[{\"added\": {}}]"}}, {"model": "admin.logentry", "pk": 52, "fields": {"action_time": "2021-10-24T12:49:07.558Z", "user": 1, "content_type": 7, "object_id": "7", "object_repr": "Zeeshan Rafique", "action_flag": 2, "change_message": "[{\"changed\": {\"fields\": [\"Title\"]}}]"}}, {"model": "admin.logentry", "pk": 53, "fields": {"action_time": "2021-10-24T12:49:15.314Z", "user": 1, "content_type": 7, "object_id": "8", "object_repr": "Muhammad Waleed Waseem", "action_flag": 2, "change_message": "[{\"changed\": {\"fields\": [\"Title\"]}}]"}}, {"model": "admin.logentry", "pk": 54, "fields": {"action_time": "2021-10-24T12:49:25.237Z", "user": 1, "content_type": 7, "object_id": "9", "object_repr": "Sajjad Ahmed", "action_flag": 2, "change_message": "[{\"changed\": {\"fields\": [\"Title\"]}}]"}}, {"model": "admin.logentry", "pk": 55, "fields": {"action_time": "2021-10-24T12:49:32.945Z", "user": 1, "content_type": 7, "object_id": "10", "object_repr": "Usman Zain ul Abedin", "action_flag": 2, "change_message": "[{\"changed\": {\"fields\": [\"Title\"]}}]"}}, {"model": "admin.logentry", "pk": 56, "fields": {"action_time": "2021-10-24T12:51:28.855Z", "user": 1, "content_type": 7, "object_id": "24", "object_repr": "Anusha khalil", "action_flag": 1, "change_message": "[{\"added\": {}}]"}}, {"model": "admin.logentry", "pk": 57, "fields": {"action_time": "2021-10-24T12:51:59.344Z", "user": 1, "content_type": 7, "object_id": "24", "object_repr": "Anusha khalil", "action_flag": 2, "change_message": "[{\"changed\": {\"fields\": [\"Picture\"]}}]"}}, {"model": "admin.logentry", "pk": 58, "fields": {"action_time": "2021-10-24T12:53:54.970Z", "user": 1, "content_type": 7, "object_id": "1", "object_repr": "Muhammad Hadir Khan", "action_flag": 2, "change_message": "[{\"changed\": {\"fields\": [\"Picture\"]}}]"}}, {"model": "admin.logentry", "pk": 59, "fields": {"action_time": "2021-10-24T13:00:15.105Z", "user": 1, "content_type": 9, "object_id": "1", "object_repr": "Reverse Engineering Rocket Chip", "action_flag": 3, "change_message": ""}}, {"model": "admin.logentry", "pk": 60, "fields": {"action_time": "2021-10-24T13:05:50.600Z", "user": 1, "content_type": 9, "object_id": "3", "object_repr": "BURQ IDE", "action_flag": 1, "change_message": "[{\"added\": {}}]"}}, {"model": "admin.logentry", "pk": 61, "fields": {"action_time": "2021-10-24T13:06:58.194Z", "user": 1, "content_type": 9, "object_id": "4", "object_repr": "Ghazi System on Chip (SoC)", "action_flag": 1, "change_message": "[{\"added\": {}}]"}}, {"model": "admin.logentry", "pk": 62, "fields": {"action_time": "2021-10-24T13:07:46.568Z", "user": 1, "content_type": 9, "object_id": "5", "object_repr": "Ibtida System on a Chip (SoC)", "action_flag": 1, "change_message": "[{\"added\": {}}]"}}, {"model": "admin.logentry", "pk": 63, "fields": {"action_time": "2021-10-24T13:08:56.152Z", "user": 1, "content_type": 9, "object_id": "6", "object_repr": "Reverse Engineering Rocket Chip", "action_flag": 1, "change_message": "[{\"added\": {}}]"}}, {"model": "admin.logentry", "pk": 64, "fields": {"action_time": "2021-10-24T13:09:41.220Z", "user": 1, "content_type": 9, "object_id": "7", "object_repr": "LLVM for Vector Extension & FIRRTL", "action_flag": 1, "change_message": "[{\"added\": {}}]"}}, {"model": "admin.logentry", "pk": 65, "fields": {"action_time": "2021-10-24T13:26:30.982Z", "user": 1, "content_type": 7, "object_id": "11", "object_repr": "Shahzaib Kashif", "action_flag": 2, "change_message": "[{\"changed\": {\"fields\": [\"Title\"]}}]"}}, {"model": "admin.logentry", "pk": 66, "fields": {"action_time": "2021-10-24T13:26:51.151Z", "user": 1, "content_type": 7, "object_id": "11", "object_repr": "Shahzaib Kashif", "action_flag": 2, "change_message": "[{\"changed\": {\"fields\": [\"Title\"]}}]"}}, {"model": "admin.logentry", "pk": 67, "fields": {"action_time": "2021-10-24T13:27:09.836Z", "user": 1, "content_type": 7, "object_id": "11", "object_repr": "Shahzaib Kashif", "action_flag": 2, "change_message": "[{\"changed\": {\"fields\": [\"Title\"]}}]"}}, {"model": "admin.logentry", "pk": 68, "fields": {"action_time": "2021-10-24T13:27:57.528Z", "user": 1, "content_type": 7, "object_id": "11", "object_repr": "Shahzaib Kashif", "action_flag": 2, "change_message": "[{\"changed\": {\"fields\": [\"Title\"]}}]"}}, {"model": "admin.logentry", "pk": 69, "fields": {"action_time": "2021-10-24T13:35:29.588Z", "user": 1, "content_type": 7, "object_id": "11", "object_repr": "Shahzaib Kashif", "action_flag": 2, "change_message": "[{\"changed\": {\"fields\": [\"Title\"]}}]"}}, {"model": "admin.logentry", "pk": 70, "fields": {"action_time": "2021-10-24T13:55:06.526Z", "user": 1, "content_type": 7, "object_id": "22", "object_repr": "Summaiya Saeed", "action_flag": 2, "change_message": "[{\"changed\": {\"fields\": [\"Description\", \"Skills\", \"Projects\", \"Interest\", \"Linkedin\", \"Github\", \"Mail\", \"Picture\"]}}]"}}, {"model": "admin.logentry", "pk": 71, "fields": {"action_time": "2021-10-24T14:13:57.689Z", "user": 1, "content_type": 7, "object_id": "23", "object_repr": "Mahnoor Ismail", "action_flag": 2, "change_message": "[{\"changed\": {\"fields\": [\"Picture\"]}}]"}}, {"model": "admin.logentry", "pk": 72, "fields": {"action_time": "2021-10-24T14:22:06.124Z", "user": 1, "content_type": 7, "object_id": "22", "object_repr": "Summaiya Saeed", "action_flag": 2, "change_message": "[{\"changed\": {\"fields\": [\"Picture\"]}}]"}}, {"model": "admin.logentry", "pk": 73, "fields": {"action_time": "2021-10-24T14:22:25.556Z", "user": 1, "content_type": 7, "object_id": "21", "object_repr": "Saad Ali", "action_flag": 2, "change_message": "[{\"changed\": {\"fields\": [\"Picture\"]}}]"}}, {"model": "admin.logentry", "pk": 74, "fields": {"action_time": "2021-10-24T14:22:44.169Z", "user": 1, "content_type": 7, "object_id": "17", "object_repr": "Kinza Qamar Zaman", "action_flag": 2, "change_message": "[{\"changed\": {\"fields\": [\"Picture\"]}}]"}}, {"model": "admin.logentry", "pk": 75, "fields": {"action_time": "2021-10-24T14:23:16.224Z", "user": 1, "content_type": 7, "object_id": "13", "object_repr": "Syeda Fizza Jaffey", "action_flag": 2, "change_message": "[{\"changed\": {\"fields\": [\"Picture\"]}}]"}}, {"model": "admin.logentry", "pk": 76, "fields": {"action_time": "2021-10-24T14:24:51.197Z", "user": 1, "content_type": 7, "object_id": "13", "object_repr": "Syeda Fizza Jaffey", "action_flag": 2, "change_message": "[{\"changed\": {\"fields\": [\"Skills\"]}}]"}}, {"model": "admin.logentry", "pk": 77, "fields": {"action_time": "2021-10-24T14:25:21.419Z", "user": 1, "content_type": 7, "object_id": "13", "object_repr": "Syeda Fizza Jaffey", "action_flag": 2, "change_message": "[{\"changed\": {\"fields\": [\"Skills\"]}}]"}}, {"model": "admin.logentry", "pk": 78, "fields": {"action_time": "2021-10-24T14:26:08.264Z", "user": 1, "content_type": 7, "object_id": "13", "object_repr": "Syeda Fizza Jaffey", "action_flag": 2, "change_message": "[{\"changed\": {\"fields\": [\"Skills\"]}}]"}}, {"model": "admin.logentry", "pk": 79, "fields": {"action_time": "2021-10-24T14:27:27.639Z", "user": 1, "content_type": 7, "object_id": "17", "object_repr": "Kinza Qamar Zaman", "action_flag": 2, "change_message": "[{\"changed\": {\"fields\": [\"Skills\"]}}]"}}, {"model": "admin.logentry", "pk": 80, "fields": {"action_time": "2021-10-24T14:28:18.209Z", "user": 1, "content_type": 7, "object_id": "13", "object_repr": "Syeda Fizza Jaffey", "action_flag": 2, "change_message": "[{\"changed\": {\"fields\": [\"Skills\"]}}]"}}, {"model": "admin.logentry", "pk": 81, "fields": {"action_time": "2021-10-24T14:29:18.772Z", "user": 1, "content_type": 7, "object_id": "24", "object_repr": "Anusha khalil", "action_flag": 2, "change_message": "[{\"changed\": {\"fields\": [\"Picture\"]}}]"}}, {"model": "admin.logentry", "pk": 82, "fields": {"action_time": "2021-10-24T14:30:02.374Z", "user": 1, "content_type": 7, "object_id": "17", "object_repr": "Kinza Qamar Zaman", "action_flag": 2, "change_message": "[{\"changed\": {\"fields\": [\"Skills\"]}}]"}}, {"model": "admin.logentry", "pk": 83, "fields": {"action_time": "2021-10-24T15:04:47.110Z", "user": 1, "content_type": 7, "object_id": "16", "object_repr": "Rehan Ejaz", "action_flag": 2, "change_message": "[{\"changed\": {\"fields\": [\"Picture\"]}}]"}}, {"model": "admin.logentry", "pk": 84, "fields": {"action_time": "2021-10-24T15:18:05.291Z", "user": 1, "content_type": 14, "object_id": "1", "object_repr": "Simulator", "action_flag": 1, "change_message": "[{\"added\": {}}]"}}, {"model": "admin.logentry", "pk": 85, "fields": {"action_time": "2021-10-24T15:24:57.767Z", "user": 1, "content_type": 13, "object_id": "1", "object_repr": "Oxygen Simulator", "action_flag": 1, "change_message": "[{\"added\": {}}]"}}, {"model": "admin.logentry", "pk": 86, "fields": {"action_time": "2021-10-24T15:47:07.200Z", "user": 1, "content_type": 7, "object_id": "22", "object_repr": "Summaiya Saeed", "action_flag": 2, "change_message": "[{\"changed\": {\"fields\": [\"Picture\"]}}]"}}, {"model": "admin.logentry", "pk": 87, "fields": {"action_time": "2021-10-24T15:54:10.123Z", "user": 1, "content_type": 7, "object_id": "22", "object_repr": "Summaiya Saeed", "action_flag": 2, "change_message": "[{\"changed\": {\"fields\": [\"Description\"]}}]"}}, {"model": "admin.logentry", "pk": 88, "fields": {"action_time": "2021-10-24T17:01:12.094Z", "user": 1, "content_type": 7, "object_id": "11", "object_repr": "Shahzaib Kashif", "action_flag": 2, "change_message": "[{\"changed\": {\"fields\": [\"Title\"]}}]"}}, {"model": "admin.logentry", "pk": 89, "fields": {"action_time": "2021-10-24T17:12:45.174Z", "user": 1, "content_type": 14, "object_id": "2", "object_repr": "Compiler Research", "action_flag": 1, "change_message": "[{\"added\": {}}]"}}, {"model": "admin.logentry", "pk": 90, "fields": {"action_time": "2021-10-24T17:13:14.516Z", "user": 1, "content_type": 13, "object_id": "2", "object_repr": "LLVM Compiler", "action_flag": 1, "change_message": "[{\"added\": {}}]"}}, {"model": "admin.logentry", "pk": 91, "fields": {"action_time": "2021-10-24T17:14:40.465Z", "user": 1, "content_type": 14, "object_id": "3", "object_repr": "Research Projects", "action_flag": 1, "change_message": "[{\"added\": {}}]"}}, {"model": "admin.logentry", "pk": 92, "fields": {"action_time": "2021-10-24T17:17:44.268Z", "user": 1, "content_type": 13, "object_id": "3", "object_repr": "Reverse Engineering of Rocket Chip", "action_flag": 1, "change_message": "[{\"added\": {}}]"}}, {"model": "admin.logentry", "pk": 93, "fields": {"action_time": "2021-10-24T17:19:09.760Z", "user": 1, "content_type": 14, "object_id": "4", "object_repr": "Verification", "action_flag": 1, "change_message": "[{\"added\": {}}]"}}, {"model": "admin.logentry", "pk": 94, "fields": {"action_time": "2021-10-24T17:20:17.776Z", "user": 1, "content_type": 13, "object_id": "4", "object_repr": "BURQ IDE", "action_flag": 1, "change_message": "[{\"added\": {}}]"}}, {"model": "admin.logentry", "pk": 95, "fields": {"action_time": "2021-10-24T18:44:47.886Z", "user": 1, "content_type": 14, "object_id": "5", "object_repr": "Verilog based SoC", "action_flag": 1, "change_message": "[{\"added\": {}}]"}}, {"model": "admin.logentry", "pk": 96, "fields": {"action_time": "2021-10-24T18:46:59.205Z", "user": 1, "content_type": 13, "object_id": "5", "object_repr": "GHAZI غازی", "action_flag": 1, "change_message": "[{\"added\": {}}]"}}, {"model": "admin.logentry", "pk": 97, "fields": {"action_time": "2021-10-24T18:47:37.372Z", "user": 1, "content_type": 14, "object_id": "6", "object_repr": "CHISEL based SoC", "action_flag": 1, "change_message": "[{\"added\": {}}]"}}, {"model": "admin.logentry", "pk": 98, "fields": {"action_time": "2021-10-24T18:49:21.628Z", "user": 1, "content_type": 13, "object_id": "6", "object_repr": "IBTIDA (ابتدا)", "action_flag": 1, "change_message": "[{\"added\": {}}]"}}, {"model": "admin.logentry", "pk": 99, "fields": {"action_time": "2021-10-24T18:49:36.054Z", "user": 1, "content_type": 13, "object_id": "5", "object_repr": "GHAZI غازی", "action_flag": 2, "change_message": "[{\"changed\": {\"fields\": [\"Content\"]}}]"}}, {"model": "admin.logentry", "pk": 100, "fields": {"action_time": "2021-10-24T18:50:27.427Z", "user": 1, "content_type": 13, "object_id": "6", "object_repr": "IBTIDA (ابتدا)", "action_flag": 2, "change_message": "[{\"changed\": {\"fields\": [\"Content\"]}}]"}}, {"model": "admin.logentry", "pk": 101, "fields": {"action_time": "2021-10-24T18:51:02.258Z", "user": 1, "content_type": 13, "object_id": "6", "object_repr": "IBTIDA (ابتدا)", "action_flag": 2, "change_message": "[{\"changed\": {\"fields\": [\"Content\"]}}]"}}, {"model": "admin.logentry", "pk": 102, "fields": {"action_time": "2021-10-24T18:51:28.539Z", "user": 1, "content_type": 13, "object_id": "5", "object_repr": "GHAZI غازی", "action_flag": 2, "change_message": "[{\"changed\": {\"fields\": [\"Content\"]}}]"}}, {"model": "admin.logentry", "pk": 103, "fields": {"action_time": "2021-10-24T18:57:49.198Z", "user": 1, "content_type": 15, "object_id": "1", "object_repr": "category object (1)", "action_flag": 1, "change_message": "[{\"added\": {}}]"}}, {"model": "admin.logentry", "pk": 104, "fields": {"action_time": "2021-10-24T19:01:23.007Z", "user": 1, "content_type": 10, "object_id": "1", "object_repr": "OpenLane Tooling Workshop", "action_flag": 1, "change_message": "[{\"added\": {}}]"}}, {"model": "admin.logentry", "pk": 105, "fields": {"action_time": "2021-10-25T04:37:22.876Z", "user": 1, "content_type": 9, "object_id": "7", "object_repr": "LLVM for Vector Extension & FIRRTL", "action_flag": 2, "change_message": "[{\"changed\": {\"fields\": [\"Project\"]}}]"}}, {"model": "admin.logentry", "pk": 106, "fields": {"action_time": "2021-10-25T04:37:29.506Z", "user": 1, "content_type": 9, "object_id": "6", "object_repr": "Reverse Engineering Rocket Chip", "action_flag": 2, "change_message": "[{\"changed\": {\"fields\": [\"Project\"]}}]"}}, {"model": "admin.logentry", "pk": 107, "fields": {"action_time": "2021-10-25T04:37:35.532Z", "user": 1, "content_type": 9, "object_id": "5", "object_repr": "Ibtida System on a Chip (SoC)", "action_flag": 2, "change_message": "[{\"changed\": {\"fields\": [\"Project\"]}}]"}}, {"model": "admin.logentry", "pk": 108, "fields": {"action_time": "2021-10-25T04:37:40.103Z", "user": 1, "content_type": 9, "object_id": "4", "object_repr": "Ghazi System on Chip (SoC)", "action_flag": 2, "change_message": "[{\"changed\": {\"fields\": [\"Project\"]}}]"}}, {"model": "admin.logentry", "pk": 109, "fields": {"action_time": "2021-10-25T04:37:45.076Z", "user": 1, "content_type": 9, "object_id": "3", "object_repr": "BURQ IDE", "action_flag": 2, "change_message": "[{\"changed\": {\"fields\": [\"Project\"]}}]"}}, {"model": "admin.logentry", "pk": 110, "fields": {"action_time": "2021-10-25T04:37:49.766Z", "user": 1, "content_type": 9, "object_id": "2", "object_repr": "Oxygen Simulator", "action_flag": 2, "change_message": "[{\"changed\": {\"fields\": [\"Project\"]}}]"}}, {"model": "admin.logentry", "pk": 111, "fields": {"action_time": "2021-10-25T04:43:06.803Z", "user": 1, "content_type": 7, "object_id": "14", "object_repr": "Muhammad Shahzaib", "action_flag": 2, "change_message": "[{\"changed\": {\"fields\": [\"Picture\"]}}]"}}, {"model": "admin.logentry", "pk": 112, "fields": {"action_time": "2021-10-25T05:03:38.672Z", "user": 1, "content_type": 16, "object_id": "1", "object_repr": "category object (1)", "action_flag": 1, "change_message": "[{\"added\": {}}]"}}, {"model": "admin.logentry", "pk": 113, "fields": {"action_time": "2021-10-25T05:05:29.742Z", "user": 1, "content_type": 17, "object_id": "1", "object_repr": "news object (1)", "action_flag": 1, "change_message": "[{\"added\": {}}]"}}, {"model": "admin.logentry", "pk": 114, "fields": {"action_time": "2021-10-25T05:06:31.748Z", "user": 1, "content_type": 17, "object_id": "1", "object_repr": "Ibtida (ابتدا) Project Launch", "action_flag": 3, "change_message": ""}}, {"model": "admin.logentry", "pk": 115, "fields": {"action_time": "2021-10-25T05:07:02.666Z", "user": 1, "content_type": 16, "object_id": "2", "object_repr": "Event", "action_flag": 1, "change_message": "[{\"added\": {}}]"}}, {"model": "admin.logentry", "pk": 116, "fields": {"action_time": "2021-10-25T05:07:40.157Z", "user": 1, "content_type": 17, "object_id": "2", "object_repr": "RISC-V Tech Symposium", "action_flag": 1, "change_message": "[{\"added\": {}}]"}}, {"model": "admin.logentry", "pk": 117, "fields": {"action_time": "2021-10-25T05:08:25.074Z", "user": 1, "content_type": 17, "object_id": "3", "object_repr": "MERL Becomes member of CHIPS Alliance", "action_flag": 1, "change_message": "[{\"added\": {}}]"}}, {"model": "admin.logentry", "pk": 118, "fields": {"action_time": "2021-10-25T05:09:22.548Z", "user": 1, "content_type": 17, "object_id": "4", "object_repr": "MERL-UIT joins RISC-V International Summit", "action_flag": 1, "change_message": "[{\"added\": {}}]"}}, {"model": "admin.logentry", "pk": 119, "fields": {"action_time": "2021-10-25T05:10:55.060Z", "user": 1, "content_type": 17, "object_id": "5", "object_repr": "TSMC Collabration", "action_flag": 1, "change_message": "[{\"added\": {}}]"}}, {"model": "admin.logentry", "pk": 120, "fields": {"action_time": "2021-10-25T05:11:37.143Z", "user": 1, "content_type": 17, "object_id": "6", "object_repr": "Ghazi (غازی) Project Launch", "action_flag": 1, "change_message": "[{\"added\": {}}]"}}, {"model": "admin.logentry", "pk": 121, "fields": {"action_time": "2021-10-25T05:12:17.577Z", "user": 1, "content_type": 17, "object_id": "7", "object_repr": "Ibtida (ابتدا) Project Launch", "action_flag": 1, "change_message": "[{\"added\": {}}]"}}, {"model": "admin.logentry", "pk": 122, "fields": {"action_time": "2021-10-25T05:25:57.799Z", "user": 1, "content_type": 17, "object_id": "2", "object_repr": "RISC-V Tech Symposium", "action_flag": 2, "change_message": "[{\"changed\": {\"fields\": [\"Content\"]}}]"}}, {"model": "admin.logentry", "pk": 123, "fields": {"action_time": "2021-10-25T05:26:26.843Z", "user": 1, "content_type": 17, "object_id": "7", "object_repr": "Ibtida (ابتدا) Project Launch", "action_flag": 2, "change_message": "[{\"changed\": {\"fields\": [\"Content\"]}}]"}}, {"model": "admin.logentry", "pk": 124, "fields": {"action_time": "2021-10-25T05:26:38.675Z", "user": 1, "content_type": 17, "object_id": "6", "object_repr": "Ghazi (غازی) Project Launch", "action_flag": 2, "change_message": "[{\"changed\": {\"fields\": [\"Content\"]}}]"}}, {"model": "admin.logentry", "pk": 125, "fields": {"action_time": "2021-10-25T05:26:49.170Z", "user": 1, "content_type": 17, "object_id": "5", "object_repr": "TSMC Collabration", "action_flag": 2, "change_message": "[{\"changed\": {\"fields\": [\"Content\"]}}]"}}, {"model": "admin.logentry", "pk": 126, "fields": {"action_time": "2021-10-25T05:26:59.863Z", "user": 1, "content_type": 17, "object_id": "4", "object_repr": "MERL-UIT joins RISC-V International Summit", "action_flag": 2, "change_message": "[{\"changed\": {\"fields\": [\"Content\"]}}]"}}, {"model": "admin.logentry", "pk": 127, "fields": {"action_time": "2021-10-25T05:27:15.670Z", "user": 1, "content_type": 17, "object_id": "3", "object_repr": "MERL Becomes member of CHIPS Alliance", "action_flag": 2, "change_message": "[{\"changed\": {\"fields\": [\"Content\"]}}]"}}, {"model": "admin.logentry", "pk": 128, "fields": {"action_time": "2021-10-25T06:22:58.577Z", "user": 1, "content_type": 19, "object_id": "1", "object_repr": "platform object (1)", "action_flag": 1, "change_message": "[{\"added\": {}}]"}}, {"model": "admin.logentry", "pk": 129, "fields": {"action_time": "2021-10-25T06:23:01.148Z", "user": 1, "content_type": 18, "object_id": "1", "object_repr": "testimonials object (1)", "action_flag": 1, "change_message": "[{\"added\": {}}]"}}, {"model": "admin.logentry", "pk": 130, "fields": {"action_time": "2021-10-25T07:16:36.309Z", "user": 1, "content_type": 7, "object_id": "11", "object_repr": "Shahzaib Kashif", "action_flag": 2, "change_message": "[{\"changed\": {\"fields\": [\"Picture\"]}}]"}}, {"model": "admin.logentry", "pk": 131, "fields": {"action_time": "2021-10-25T07:17:35.951Z", "user": 1, "content_type": 7, "object_id": "11", "object_repr": "Shahzaib Kashif", "action_flag": 2, "change_message": "[{\"changed\": {\"fields\": [\"Picture\"]}}]"}}, {"model": "admin.logentry", "pk": 132, "fields": {"action_time": "2021-10-25T07:32:58.205Z", "user": 1, "content_type": 7, "object_id": "11", "object_repr": "Shahzaib Kashif", "action_flag": 2, "change_message": "[{\"changed\": {\"fields\": [\"Picture\"]}}]"}}, {"model": "admin.logentry", "pk": 133, "fields": {"action_time": "2021-10-25T07:33:26.297Z", "user": 1, "content_type": 7, "object_id": "11", "object_repr": "Shahzaib Kashif", "action_flag": 2, "change_message": "[{\"changed\": {\"fields\": [\"Picture\"]}}]"}}, {"model": "admin.logentry", "pk": 134, "fields": {"action_time": "2021-10-25T07:33:50.403Z", "user": 1, "content_type": 7, "object_id": "12", "object_repr": "Talha Ahmed", "action_flag": 2, "change_message": "[{\"changed\": {\"fields\": [\"Picture\"]}}]"}}, {"model": "admin.logentry", "pk": 135, "fields": {"action_time": "2021-10-25T07:34:24.274Z", "user": 1, "content_type": 7, "object_id": "11", "object_repr": "Shahzaib Kashif", "action_flag": 2, "change_message": "[{\"changed\": {\"fields\": [\"Picture\"]}}]"}}, {"model": "admin.logentry", "pk": 136, "fields": {"action_time": "2021-10-25T07:35:06.234Z", "user": 1, "content_type": 7, "object_id": "12", "object_repr": "Talha Ahmed", "action_flag": 2, "change_message": "[{\"changed\": {\"fields\": [\"Picture\"]}}]"}}, {"model": "admin.logentry", "pk": 137, "fields": {"action_time": "2021-10-25T07:36:13.392Z", "user": 1, "content_type": 7, "object_id": "13", "object_repr": "Syeda Fizza Jaffey", "action_flag": 2, "change_message": "[{\"changed\": {\"fields\": [\"Picture\"]}}]"}}, {"model": "admin.logentry", "pk": 138, "fields": {"action_time": "2021-10-25T07:36:52.774Z", "user": 1, "content_type": 7, "object_id": "13", "object_repr": "Syeda Fizza Jaffey", "action_flag": 2, "change_message": "[{\"changed\": {\"fields\": [\"Picture\"]}}]"}}, {"model": "admin.logentry", "pk": 139, "fields": {"action_time": "2021-10-25T07:37:08.960Z", "user": 1, "content_type": 7, "object_id": "14", "object_repr": "Muhammad Shahzaib", "action_flag": 2, "change_message": "[{\"changed\": {\"fields\": [\"Picture\"]}}]"}}, {"model": "admin.logentry", "pk": 140, "fields": {"action_time": "2021-10-25T07:37:56.289Z", "user": 1, "content_type": 7, "object_id": "18", "object_repr": "Wishah Naseer", "action_flag": 2, "change_message": "[{\"changed\": {\"fields\": [\"Picture\"]}}]"}}, {"model": "admin.logentry", "pk": 141, "fields": {"action_time": "2021-10-25T07:38:37.963Z", "user": 1, "content_type": 7, "object_id": "20", "object_repr": "Agha Muqarib Ullah Khan", "action_flag": 2, "change_message": "[{\"changed\": {\"fields\": [\"Picture\"]}}]"}}, {"model": "admin.logentry", "pk": 142, "fields": {"action_time": "2021-10-25T07:39:20.543Z", "user": 1, "content_type": 7, "object_id": "22", "object_repr": "Summaiya Saeed", "action_flag": 2, "change_message": "[{\"changed\": {\"fields\": [\"Picture\"]}}]"}}, {"model": "admin.logentry", "pk": 143, "fields": {"action_time": "2021-10-25T07:40:18.287Z", "user": 1, "content_type": 7, "object_id": "23", "object_repr": "Mahnoor Ismail", "action_flag": 2, "change_message": "[{\"changed\": {\"fields\": [\"Picture\"]}}]"}}, {"model": "admin.logentry", "pk": 144, "fields": {"action_time": "2021-10-25T07:40:41.207Z", "user": 1, "content_type": 7, "object_id": "1", "object_repr": "Muhammad Hadir Khan", "action_flag": 2, "change_message": "[{\"changed\": {\"fields\": [\"Picture\"]}}]"}}, {"model": "admin.logentry", "pk": 145, "fields": {"action_time": "2021-10-25T07:41:10.831Z", "user": 1, "content_type": 7, "object_id": "1", "object_repr": "Muhammad Hadir Khan", "action_flag": 2, "change_message": "[{\"changed\": {\"fields\": [\"Picture\"]}}]"}}, {"model": "admin.logentry", "pk": 146, "fields": {"action_time": "2021-10-25T07:41:34.670Z", "user": 1, "content_type": 7, "object_id": "1", "object_repr": "Muhammad Hadir Khan", "action_flag": 2, "change_message": "[{\"changed\": {\"fields\": [\"Picture\"]}}]"}}, {"model": "admin.logentry", "pk": 147, "fields": {"action_time": "2021-10-25T07:43:31.830Z", "user": 1, "content_type": 7, "object_id": "11", "object_repr": "Shahzaib Kashif", "action_flag": 2, "change_message": "[{\"changed\": {\"fields\": [\"Picture\"]}}]"}}, {"model": "admin.logentry", "pk": 148, "fields": {"action_time": "2021-10-25T07:44:19.130Z", "user": 1, "content_type": 7, "object_id": "11", "object_repr": "Shahzaib Kashif", "action_flag": 2, "change_message": "[{\"changed\": {\"fields\": [\"Picture\"]}}]"}}, {"model": "admin.logentry", "pk": 149, "fields": {"action_time": "2021-10-25T07:46:22.065Z", "user": 1, "content_type": 7, "object_id": "14", "object_repr": "Muhammad Shahzaib", "action_flag": 2, "change_message": "[{\"changed\": {\"fields\": [\"Picture\"]}}]"}}, {"model": "admin.logentry", "pk": 150, "fields": {"action_time": "2021-10-25T07:55:28.070Z", "user": 1, "content_type": 7, "object_id": "11", "object_repr": "Shahzaib Kashif", "action_flag": 2, "change_message": "[{\"changed\": {\"fields\": [\"Picture\"]}}]"}}, {"model": "admin.logentry", "pk": 151, "fields": {"action_time": "2021-10-25T07:56:20.948Z", "user": 1, "content_type": 7, "object_id": "11", "object_repr": "Shahzaib Kashif", "action_flag": 2, "change_message": "[{\"changed\": {\"fields\": [\"Picture\"]}}]"}}, {"model": "admin.logentry", "pk": 152, "fields": {"action_time": "2021-10-25T08:00:02.754Z", "user": 1, "content_type": 7, "object_id": "11", "object_repr": "Shahzaib Kashif", "action_flag": 2, "change_message": "[{\"changed\": {\"fields\": [\"Picture\"]}}]"}}, {"model": "admin.logentry", "pk": 153, "fields": {"action_time": "2021-10-25T08:34:42.391Z", "user": 1, "content_type": 7, "object_id": "11", "object_repr": "Shahzaib Kashif", "action_flag": 2, "change_message": "[{\"changed\": {\"fields\": [\"Picture\"]}}]"}}, {"model": "admin.logentry", "pk": 154, "fields": {"action_time": "2021-10-25T10:48:55.389Z", "user": 1, "content_type": 18, "object_id": "1", "object_repr": "Especial thanks to Micro Electronics Research Lab and Open-Source FPGA Foundation for starting free APR training under the banner of the Tapeout Pakistan project.", "action_flag": 2, "change_message": "[{\"changed\": {\"fields\": [\"Link\"]}}]"}}, {"model": "admin.logentry", "pk": 155, "fields": {"action_time": "2021-10-25T10:55:35.055Z", "user": 1, "content_type": 19, "object_id": "2", "object_repr": "Youtube", "action_flag": 1, "change_message": "[{\"added\": {}}]"}}, {"model": "admin.logentry", "pk": 156, "fields": {"action_time": "2021-10-25T10:55:48.143Z", "user": 1, "content_type": 18, "object_id": "2", "object_repr": "If these processors can be built in Usman Institute then it can be built anywhere. [translated from Urdu]", "action_flag": 1, "change_message": "[{\"added\": {}}]"}}, {"model": "admin.logentry", "pk": 157, "fields": {"action_time": "2021-10-25T10:56:07.133Z", "user": 1, "content_type": 19, "object_id": "1", "object_repr": "LinkedIn", "action_flag": 2, "change_message": "[{\"changed\": {\"fields\": [\"Icon\"]}}]"}}, {"model": "admin.logentry", "pk": 158, "fields": {"action_time": "2021-10-25T10:57:17.030Z", "user": 1, "content_type": 18, "object_id": "2", "object_repr": "If these processors can be built in Usman Institute then it can be built anywhere. <br /> -- SiFive Symposium NED University, Karachi <br /> [translated from Urdu]", "action_flag": 2, "change_message": "[{\"changed\": {\"fields\": [\"Content\"]}}]"}}, {"model": "admin.logentry", "pk": 159, "fields": {"action_time": "2021-10-25T10:57:44.390Z", "user": 1, "content_type": 18, "object_id": "2", "object_repr": "If these processors can be built in Usman Institute then it can be built anywhere. <br /> <h6>-- SiFive Symposium NED University, Karachi</h6> <br /> [translated from Urdu]", "action_flag": 2, "change_message": "[{\"changed\": {\"fields\": [\"Content\"]}}]"}}, {"model": "admin.logentry", "pk": 160, "fields": {"action_time": "2021-10-25T10:58:17.714Z", "user": 1, "content_type": 18, "object_id": "2", "object_repr": "If these processors can be built in Usman Institute then it can be built anywhere. <br /> <br /> <h6>-- SiFive Symposium NED University, Karachi</h6> <br /> <br /> <h6>[translated from Urdu]</h6>", "action_flag": 2, "change_message": "[{\"changed\": {\"fields\": [\"Content\"]}}]"}}, {"model": "admin.logentry", "pk": 161, "fields": {"action_time": "2021-10-25T10:58:34.416Z", "user": 1, "content_type": 18, "object_id": "2", "object_repr": "If these processors can be built in Usman Institute then it can be built anywhere. <br /> <br /> <h6>-- SiFive Symposium NED University, Karachi</h6><h6>[translated from Urdu]</h6>", "action_flag": 2, "change_message": "[{\"changed\": {\"fields\": [\"Content\"]}}]"}}, {"model": "admin.logentry", "pk": 162, "fields": {"action_time": "2021-10-25T11:03:20.091Z", "user": 1, "content_type": 18, "object_id": "3", "object_repr": "These Undergraduate students were so passionate about RISC-V and they were so eager to show me the cool RISC-V processors they have made. At that point I forgot about competition and I was like \"We ar", "action_flag": 1, "change_message": "[{\"added\": {}}]"}}, {"model": "admin.logentry", "pk": 163, "fields": {"action_time": "2021-10-25T11:03:47.505Z", "user": 1, "content_type": 18, "object_id": "3", "object_repr": "These Undergraduate students were so passionate about RISC-V and they were so eager to show me the cool RISC-V processors they have made. At that point, I forgot about the competition and I was like \"", "action_flag": 2, "change_message": "[{\"changed\": {\"fields\": [\"Content\"]}}]"}}, {"model": "admin.logentry", "pk": 164, "fields": {"action_time": "2021-10-25T20:09:39.174Z", "user": 1, "content_type": 18, "object_id": "1", "object_repr": "Especial thanks to Micro Electronics Research Lab and Open-Source FPGA Foundation for starting free APR training under the banner of the Tapeout Pakistan project.", "action_flag": 3, "change_message": ""}}, {"model": "admin.logentry", "pk": 165, "fields": {"action_time": "2021-10-28T12:35:51.408Z", "user": 1, "content_type": 7, "object_id": "23", "object_repr": "Mahnoor Ismail", "action_flag": 2, "change_message": "[{\"changed\": {\"fields\": [\"Skills\"]}}]"}}, {"model": "admin.logentry", "pk": 166, "fields": {"action_time": "2021-10-28T12:36:42.960Z", "user": 1, "content_type": 7, "object_id": "23", "object_repr": "Mahnoor Ismail", "action_flag": 2, "change_message": "[{\"changed\": {\"fields\": [\"Skills\", \"Projects\"]}}]"}}, {"model": "admin.logentry", "pk": 167, "fields": {"action_time": "2021-10-28T12:40:01.221Z", "user": 1, "content_type": 7, "object_id": "23", "object_repr": "Mahnoor Ismail", "action_flag": 2, "change_message": "[{\"changed\": {\"fields\": [\"Description\"]}}]"}}, {"model": "admin.logentry", "pk": 168, "fields": {"action_time": "2021-11-25T17:20:06.826Z", "user": 1, "content_type": 13, "object_id": "3", "object_repr": "Reverse Engineering of Rocket Chip", "action_flag": 2, "change_message": "[{\"changed\": {\"fields\": [\"Thumbnail\"]}}]"}}, {"model": "admin.logentry", "pk": 169, "fields": {"action_time": "2021-11-25T17:20:34.693Z", "user": 1, "content_type": 13, "object_id": "2", "object_repr": "LLVM Compiler", "action_flag": 2, "change_message": "[{\"changed\": {\"fields\": [\"Thumbnail\"]}}]"}}, {"model": "admin.logentry", "pk": 170, "fields": {"action_time": "2021-11-25T17:20:54.712Z", "user": 1, "content_type": 13, "object_id": "1", "object_repr": "Oxygen Simulator", "action_flag": 2, "change_message": "[{\"changed\": {\"fields\": [\"Thumbnail\"]}}]"}}, {"model": "admin.logentry", "pk": 171, "fields": {"action_time": "2021-11-25T17:25:04.487Z", "user": 1, "content_type": 13, "object_id": "6", "object_repr": "IBTIDA (ابتدا)", "action_flag": 2, "change_message": "[{\"changed\": {\"fields\": [\"Image1\"]}}]"}}, {"model": "admin.logentry", "pk": 172, "fields": {"action_time": "2021-11-25T17:25:42.030Z", "user": 1, "content_type": 13, "object_id": "6", "object_repr": "IBTIDA (ابتدا)", "action_flag": 2, "change_message": "[{\"changed\": {\"fields\": [\"Thumbnail\"]}}]"}}, {"model": "admin.logentry", "pk": 173, "fields": {"action_time": "2021-11-25T17:31:29.220Z", "user": 1, "content_type": 13, "object_id": "2", "object_repr": "LLVM Compiler", "action_flag": 2, "change_message": "[{\"changed\": {\"fields\": [\"Thumbnail\"]}}]"}}, {"model": "admin.logentry", "pk": 174, "fields": {"action_time": "2021-11-29T10:07:21.003Z", "user": 1, "content_type": 20, "object_id": "1", "object_repr": "Chips Alliance", "action_flag": 1, "change_message": "[{\"added\": {}}]"}}, {"model": "admin.logentry", "pk": 175, "fields": {"action_time": "2021-11-29T10:07:39.487Z", "user": 1, "content_type": 20, "object_id": "1", "object_repr": "Chips Alliance", "action_flag": 3, "change_message": ""}}, {"model": "admin.logentry", "pk": 176, "fields": {"action_time": "2021-11-29T10:09:11.854Z", "user": 1, "content_type": 20, "object_id": "2", "object_repr": "RISC-V", "action_flag": 1, "change_message": "[{\"added\": {}}]"}}, {"model": "admin.logentry", "pk": 177, "fields": {"action_time": "2021-11-29T10:09:24.274Z", "user": 1, "content_type": 20, "object_id": "3", "object_repr": "Chips Alliance", "action_flag": 1, "change_message": "[{\"added\": {}}]"}}, {"model": "admin.logentry", "pk": 178, "fields": {"action_time": "2021-11-29T10:11:07.611Z", "user": 1, "content_type": 20, "object_id": "4", "object_repr": "TSMC", "action_flag": 1, "change_message": "[{\"added\": {}}]"}}, {"model": "admin.logentry", "pk": 179, "fields": {"action_time": "2021-11-29T10:12:05.626Z", "user": 1, "content_type": 20, "object_id": "5", "object_repr": "Cadence", "action_flag": 1, "change_message": "[{\"added\": {}}]"}}, {"model": "admin.logentry", "pk": 180, "fields": {"action_time": "2021-11-29T10:12:56.500Z", "user": 1, "content_type": 20, "object_id": "6", "object_repr": "ARM", "action_flag": 1, "change_message": "[{\"added\": {}}]"}}, {"model": "admin.logentry", "pk": 181, "fields": {"action_time": "2021-12-12T13:50:25.342Z", "user": 1, "content_type": 9, "object_id": "6", "object_repr": "Reverse Engineering Rocket Chip", "action_flag": 2, "change_message": "[{\"changed\": {\"fields\": [\"Thumbnail\"]}}]"}}, {"model": "admin.logentry", "pk": 182, "fields": {"action_time": "2021-12-12T13:50:47.923Z", "user": 1, "content_type": 9, "object_id": "5", "object_repr": "Ibtida System on a Chip (SoC)", "action_flag": 2, "change_message": "[{\"changed\": {\"fields\": [\"Thumbnail\"]}}]"}}, {"model": "admin.logentry", "pk": 183, "fields": {"action_time": "2021-12-12T13:51:10.256Z", "user": 1, "content_type": 9, "object_id": "4", "object_repr": "Ghazi System on Chip (SoC)", "action_flag": 2, "change_message": "[{\"changed\": {\"fields\": [\"Thumbnail\"]}}]"}}, {"model": "admin.logentry", "pk": 184, "fields": {"action_time": "2021-12-12T13:51:29.208Z", "user": 1, "content_type": 9, "object_id": "3", "object_repr": "BURQ IDE", "action_flag": 2, "change_message": "[{\"changed\": {\"fields\": [\"Thumbnail\"]}}]"}}, {"model": "admin.logentry", "pk": 185, "fields": {"action_time": "2021-12-12T13:51:50.404Z", "user": 1, "content_type": 9, "object_id": "2", "object_repr": "Oxygen Simulator", "action_flag": 2, "change_message": "[{\"changed\": {\"fields\": [\"Thumbnail\"]}}]"}}, {"model": "admin.logentry", "pk": 186, "fields": {"action_time": "2021-12-13T15:49:02.805Z", "user": 1, "content_type": 9, "object_id": "7", "object_repr": "LLVM for Vector Extension & FIRRTL", "action_flag": 2, "change_message": "[{\"changed\": {\"fields\": [\"Thumbnail\"]}}]"}}, {"model": "admin.logentry", "pk": 187, "fields": {"action_time": "2021-12-13T15:50:33.440Z", "user": 1, "content_type": 13, "object_id": "6", "object_repr": "IBTIDA (ابتدا)", "action_flag": 2, "change_message": "[{\"changed\": {\"fields\": [\"Thumbnail\"]}}]"}}, {"model": "admin.logentry", "pk": 188, "fields": {"action_time": "2021-12-13T15:52:18.062Z", "user": 1, "content_type": 13, "object_id": "5", "object_repr": "GHAZI غازی", "action_flag": 2, "change_message": "[{\"changed\": {\"fields\": [\"Thumbnail\"]}}]"}}, {"model": "admin.logentry", "pk": 189, "fields": {"action_time": "2021-12-13T15:52:48.558Z", "user": 1, "content_type": 13, "object_id": "4", "object_repr": "BURQ IDE", "action_flag": 2, "change_message": "[{\"changed\": {\"fields\": [\"Thumbnail\"]}}]"}}, {"model": "admin.logentry", "pk": 190, "fields": {"action_time": "2021-12-13T15:53:38.462Z", "user": 1, "content_type": 13, "object_id": "3", "object_repr": "Reverse Engineering of Rocket Chip", "action_flag": 2, "change_message": "[{\"changed\": {\"fields\": [\"Thumbnail\"]}}]"}}, {"model": "admin.logentry", "pk": 191, "fields": {"action_time": "2021-12-13T15:54:11.917Z", "user": 1, "content_type": 13, "object_id": "2", "object_repr": "LLVM Compiler", "action_flag": 2, "change_message": "[{\"changed\": {\"fields\": [\"Thumbnail\"]}}]"}}, {"model": "admin.logentry", "pk": 192, "fields": {"action_time": "2021-12-13T15:55:19.619Z", "user": 1, "content_type": 13, "object_id": "1", "object_repr": "Oxygen Simulator", "action_flag": 2, "change_message": "[{\"changed\": {\"fields\": [\"Thumbnail\"]}}]"}}, {"model": "admin.logentry", "pk": 193, "fields": {"action_time": "2021-12-13T15:57:49.635Z", "user": 1, "content_type": 17, "object_id": "5", "object_repr": "TSMC Collabration", "action_flag": 2, "change_message": "[{\"changed\": {\"fields\": [\"Cover\"]}}]"}}, {"model": "admin.logentry", "pk": 194, "fields": {"action_time": "2021-12-13T15:59:15.607Z", "user": 1, "content_type": 17, "object_id": "4", "object_repr": "MERL-UIT joins RISC-V International Summit", "action_flag": 2, "change_message": "[{\"changed\": {\"fields\": [\"Cover\"]}}]"}}, {"model": "admin.logentry", "pk": 195, "fields": {"action_time": "2021-12-13T15:59:47.852Z", "user": 1, "content_type": 17, "object_id": "3", "object_repr": "MERL Becomes member of CHIPS Alliance", "action_flag": 2, "change_message": "[{\"changed\": {\"fields\": [\"Cover\"]}}]"}}, {"model": "admin.logentry", "pk": 196, "fields": {"action_time": "2021-12-13T16:00:13.011Z", "user": 1, "content_type": 17, "object_id": "2", "object_repr": "RISC-V Tech Symposium", "action_flag": 2, "change_message": "[{\"changed\": {\"fields\": [\"Cover\"]}}]"}}, {"model": "admin.logentry", "pk": 197, "fields": {"action_time": "2021-12-13T16:02:50.170Z", "user": 1, "content_type": 13, "object_id": "3", "object_repr": "Reverse Engineering of Rocket Chip", "action_flag": 2, "change_message": "[{\"changed\": {\"fields\": [\"Image1\"]}}]"}}, {"model": "admin.logentry", "pk": 198, "fields": {"action_time": "2021-12-13T16:37:05.246Z", "user": 1, "content_type": 13, "object_id": "6", "object_repr": "IBTIDA (ابتدا)", "action_flag": 2, "change_message": "[{\"changed\": {\"fields\": [\"Image1\", \"Image2\"]}}]"}}, {"model": "admin.logentry", "pk": 199, "fields": {"action_time": "2021-12-13T16:51:08.443Z", "user": 1, "content_type": 13, "object_id": "2", "object_repr": "LLVM Compiler", "action_flag": 2, "change_message": "[{\"changed\": {\"fields\": [\"Image1\"]}}]"}}, {"model": "admin.logentry", "pk": 200, "fields": {"action_time": "2021-12-13T16:54:09.072Z", "user": 1, "content_type": 13, "object_id": "5", "object_repr": "GHAZI غازی", "action_flag": 2, "change_message": "[{\"changed\": {\"fields\": [\"Image2\"]}}]"}}, {"model": "admin.logentry", "pk": 201, "fields": {"action_time": "2021-12-13T16:54:52.431Z", "user": 1, "content_type": 13, "object_id": "4", "object_repr": "BURQ IDE", "action_flag": 2, "change_message": "[{\"changed\": {\"fields\": [\"Image2\", \"Image3\"]}}]"}}, {"model": "admin.logentry", "pk": 202, "fields": {"action_time": "2021-12-13T16:55:26.398Z", "user": 1, "content_type": 13, "object_id": "3", "object_repr": "Reverse Engineering of Rocket Chip", "action_flag": 2, "change_message": "[{\"changed\": {\"fields\": [\"Image2\"]}}]"}}, {"model": "admin.logentry", "pk": 203, "fields": {"action_time": "2021-12-13T16:55:39.630Z", "user": 1, "content_type": 13, "object_id": "2", "object_repr": "LLVM Compiler", "action_flag": 2, "change_message": "[]"}}, {"model": "admin.logentry", "pk": 204, "fields": {"action_time": "2021-12-13T16:56:05.985Z", "user": 1, "content_type": 13, "object_id": "1", "object_repr": "Oxygen Simulator", "action_flag": 2, "change_message": "[{\"changed\": {\"fields\": [\"Image2\", \"Image3\"]}}]"}}, {"model": "admin.logentry", "pk": 205, "fields": {"action_time": "2021-12-16T11:19:54.833Z", "user": 1, "content_type": 7, "object_id": "23", "object_repr": "Mahnoor Ismail", "action_flag": 2, "change_message": "[{\"changed\": {\"fields\": [\"Title\", \"Skills\"]}}]"}}, {"model": "admin.logentry", "pk": 206, "fields": {"action_time": "2021-12-18T07:05:20.211Z", "user": 1, "content_type": 7, "object_id": "23", "object_repr": "Mahnoor Ismail", "action_flag": 2, "change_message": "[{\"changed\": {\"fields\": [\"Github\"]}}]"}}, {"model": "admin.logentry", "pk": 207, "fields": {"action_time": "2021-12-18T08:31:15.030Z", "user": 1, "content_type": 10, "object_id": "1", "object_repr": "OpenLane Tooling Workshop", "action_flag": 2, "change_message": "[{\"changed\": {\"fields\": [\"Description\"]}}]"}}, {"model": "admin.logentry", "pk": 208, "fields": {"action_time": "2021-12-18T08:33:56.963Z", "user": 1, "content_type": 10, "object_id": "1", "object_repr": "OpenLane Tooling Workshop", "action_flag": 2, "change_message": "[{\"changed\": {\"fields\": [\"Description\"]}}]"}}, {"model": "admin.logentry", "pk": 209, "fields": {"action_time": "2021-12-18T08:41:40.484Z", "user": 1, "content_type": 10, "object_id": "1", "object_repr": "OpenLane Tooling Workshop", "action_flag": 2, "change_message": "[{\"changed\": {\"fields\": [\"Description\"]}}]"}}, {"model": "admin.logentry", "pk": 210, "fields": {"action_time": "2021-12-18T08:42:45.113Z", "user": 1, "content_type": 10, "object_id": "1", "object_repr": "OpenLane Tooling Workshop", "action_flag": 2, "change_message": "[{\"changed\": {\"fields\": [\"Description\"]}}]"}}, {"model": "admin.logentry", "pk": 211, "fields": {"action_time": "2021-12-18T08:43:37.039Z", "user": 1, "content_type": 10, "object_id": "1", "object_repr": "OpenLane Tooling Workshop", "action_flag": 2, "change_message": "[{\"changed\": {\"fields\": [\"Description\"]}}]"}}, {"model": "admin.logentry", "pk": 212, "fields": {"action_time": "2021-12-18T08:44:07.753Z", "user": 1, "content_type": 10, "object_id": "1", "object_repr": "OpenLane Tooling Workshop", "action_flag": 2, "change_message": "[{\"changed\": {\"fields\": [\"Description\"]}}]"}}, {"model": "admin.logentry", "pk": 213, "fields": {"action_time": "2021-12-18T08:44:24.952Z", "user": 1, "content_type": 10, "object_id": "1", "object_repr": "OpenLane Tooling Workshop", "action_flag": 2, "change_message": "[{\"changed\": {\"fields\": [\"Description\"]}}]"}}, {"model": "admin.logentry", "pk": 214, "fields": {"action_time": "2021-12-18T08:44:40.070Z", "user": 1, "content_type": 10, "object_id": "1", "object_repr": "OpenLane Tooling Workshop", "action_flag": 2, "change_message": "[{\"changed\": {\"fields\": [\"Description\"]}}]"}}, {"model": "admin.logentry", "pk": 215, "fields": {"action_time": "2021-12-18T08:45:19.352Z", "user": 1, "content_type": 10, "object_id": "1", "object_repr": "OpenLane Tooling Workshop", "action_flag": 2, "change_message": "[{\"changed\": {\"fields\": [\"Description\"]}}]"}}, {"model": "admin.logentry", "pk": 216, "fields": {"action_time": "2021-12-18T09:13:24.463Z", "user": 1, "content_type": 10, "object_id": "1", "object_repr": "OpenLane Tooling Workshop", "action_flag": 2, "change_message": "[{\"changed\": {\"fields\": [\"Description\"]}}]"}}, {"model": "admin.logentry", "pk": 217, "fields": {"action_time": "2021-12-18T09:14:33.291Z", "user": 1, "content_type": 10, "object_id": "1", "object_repr": "OpenLane Tooling Workshop", "action_flag": 2, "change_message": "[{\"changed\": {\"fields\": [\"Description\"]}}]"}}, {"model": "admin.logentry", "pk": 218, "fields": {"action_time": "2021-12-18T10:12:11.068Z", "user": 1, "content_type": 13, "object_id": "5", "object_repr": "GHAZI (غازی)", "action_flag": 2, "change_message": "[{\"changed\": {\"fields\": [\"Title\"]}}]"}}, {"model": "admin.logentry", "pk": 219, "fields": {"action_time": "2021-12-18T10:20:41.651Z", "user": 1, "content_type": 12, "object_id": "1", "object_repr": "Dr. Yunsup Lee was talking about MERL at RISC V Summit 2019", "action_flag": 2, "change_message": "[{\"changed\": {\"fields\": [\"Description\", \"Video\"]}}]"}}, {"model": "admin.logentry", "pk": 220, "fields": {"action_time": "2021-12-18T10:21:44.227Z", "user": 1, "content_type": 12, "object_id": "2", "object_repr": "MERL is discussed in SiFive Symposium held at NED Karachi", "action_flag": 2, "change_message": "[{\"changed\": {\"fields\": [\"Description\", \"Video\"]}}]"}}, {"model": "admin.logentry", "pk": 221, "fields": {"action_time": "2021-12-18T10:23:12.581Z", "user": 1, "content_type": 12, "object_id": "3", "object_repr": "RISC-V at OSFP LIVE event with Dr. Naveed Sherwani, Dr. Ali Ahmed", "action_flag": 2, "change_message": "[{\"changed\": {\"fields\": [\"Description\", \"Video\"]}}]"}}, {"model": "admin.logentry", "pk": 222, "fields": {"action_time": "2021-12-18T10:45:59.577Z", "user": 1, "content_type": 13, "object_id": "2", "object_repr": "LLVM Compiler", "action_flag": 2, "change_message": "[{\"changed\": {\"fields\": [\"Image2\"]}}]"}}, {"model": "admin.logentry", "pk": 223, "fields": {"action_time": "2021-12-18T10:47:35.720Z", "user": 1, "content_type": 13, "object_id": "2", "object_repr": "LLVM Compiler", "action_flag": 2, "change_message": "[{\"changed\": {\"fields\": [\"Image2\"]}}]"}}, {"model": "admin.logentry", "pk": 224, "fields": {"action_time": "2021-12-18T10:49:14.603Z", "user": 1, "content_type": 13, "object_id": "2", "object_repr": "LLVM Compiler", "action_flag": 2, "change_message": "[{\"changed\": {\"fields\": [\"Image2\"]}}]"}}, {"model": "admin.logentry", "pk": 225, "fields": {"action_time": "2021-12-18T10:58:11.478Z", "user": 1, "content_type": 13, "object_id": "2", "object_repr": "LLVM Compiler", "action_flag": 2, "change_message": "[{\"changed\": {\"fields\": [\"Image1\", \"Image2\"]}}]"}}, {"model": "admin.logentry", "pk": 226, "fields": {"action_time": "2021-12-18T11:23:46.340Z", "user": 1, "content_type": 13, "object_id": "4", "object_repr": "BURQ IDE", "action_flag": 2, "change_message": "[{\"changed\": {\"fields\": [\"Content\"]}}]"}}, {"model": "admin.logentry", "pk": 227, "fields": {"action_time": "2021-12-18T11:26:08.577Z", "user": 1, "content_type": 13, "object_id": "4", "object_repr": "BURQ IDE", "action_flag": 2, "change_message": "[{\"changed\": {\"fields\": [\"Content\"]}}]"}}, {"model": "admin.logentry", "pk": 228, "fields": {"action_time": "2021-12-18T11:26:51.584Z", "user": 1, "content_type": 13, "object_id": "4", "object_repr": "BURQ IDE", "action_flag": 2, "change_message": "[{\"changed\": {\"fields\": [\"Content\"]}}]"}}, {"model": "admin.logentry", "pk": 229, "fields": {"action_time": "2021-12-18T12:22:37.950Z", "user": 1, "content_type": 13, "object_id": "4", "object_repr": "BURQ IDE", "action_flag": 2, "change_message": "[{\"changed\": {\"fields\": [\"Content\"]}}]"}}, {"model": "admin.logentry", "pk": 230, "fields": {"action_time": "2021-12-18T13:25:01.665Z", "user": 1, "content_type": 13, "object_id": "3", "object_repr": "Reverse Engineering of Rocket Chip", "action_flag": 2, "change_message": "[{\"changed\": {\"fields\": [\"Thumbnail\"]}}]"}}, {"model": "admin.logentry", "pk": 231, "fields": {"action_time": "2021-12-18T13:25:12.775Z", "user": 1, "content_type": 13, "object_id": "2", "object_repr": "LLVM Compiler", "action_flag": 2, "change_message": "[{\"changed\": {\"fields\": [\"Thumbnail\"]}}]"}}, {"model": "admin.logentry", "pk": 232, "fields": {"action_time": "2021-12-18T13:25:22.376Z", "user": 1, "content_type": 13, "object_id": "1", "object_repr": "Oxygen Simulator", "action_flag": 2, "change_message": "[{\"changed\": {\"fields\": [\"Thumbnail\"]}}]"}}, {"model": "admin.logentry", "pk": 233, "fields": {"action_time": "2021-12-18T13:44:30.504Z", "user": 1, "content_type": 7, "object_id": "21", "object_repr": "Saad Ali", "action_flag": 3, "change_message": ""}}, {"model": "admin.logentry", "pk": 234, "fields": {"action_time": "2021-12-18T13:44:30.510Z", "user": 1, "content_type": 7, "object_id": "20", "object_repr": "Agha Muqarib Ullah Khan", "action_flag": 3, "change_message": ""}}, {"model": "admin.logentry", "pk": 235, "fields": {"action_time": "2021-12-18T17:15:27.956Z", "user": 1, "content_type": 7, "object_id": "1", "object_repr": "Muhammad Hadir Khan", "action_flag": 2, "change_message": "[{\"changed\": {\"fields\": [\"Picture\"]}}]"}}, {"model": "admin.logentry", "pk": 236, "fields": {"action_time": "2021-12-18T17:21:05.124Z", "user": 1, "content_type": 7, "object_id": "2", "object_repr": "Hamza Shabbir", "action_flag": 2, "change_message": "[{\"changed\": {\"fields\": [\"Picture\"]}}]"}}, {"model": "admin.logentry", "pk": 237, "fields": {"action_time": "2021-12-18T17:57:36.730Z", "user": 1, "content_type": 7, "object_id": "3", "object_repr": "Hafiz Wajeh Ul Hasan", "action_flag": 2, "change_message": "[{\"changed\": {\"fields\": [\"Picture\"]}}]"}}, {"model": "admin.logentry", "pk": 238, "fields": {"action_time": "2021-12-18T18:01:24.399Z", "user": 1, "content_type": 7, "object_id": "5", "object_repr": "Zain Rizwan Khan", "action_flag": 2, "change_message": "[{\"changed\": {\"fields\": [\"Picture\"]}}]"}}, {"model": "admin.logentry", "pk": 239, "fields": {"action_time": "2021-12-18T18:04:32.936Z", "user": 1, "content_type": 7, "object_id": "2", "object_repr": "Hamza Shabbir", "action_flag": 2, "change_message": "[{\"changed\": {\"fields\": [\"Picture\"]}}]"}}, {"model": "admin.logentry", "pk": 240, "fields": {"action_time": "2021-12-18T18:05:12.509Z", "user": 1, "content_type": 7, "object_id": "3", "object_repr": "Hafiz Wajeh Ul Hasan", "action_flag": 2, "change_message": "[{\"changed\": {\"fields\": [\"Picture\"]}}]"}}, {"model": "admin.logentry", "pk": 241, "fields": {"action_time": "2021-12-18T18:06:15.455Z", "user": 1, "content_type": 7, "object_id": "6", "object_repr": "Aireen Amir Jalal", "action_flag": 2, "change_message": "[{\"changed\": {\"fields\": [\"Picture\"]}}]"}}, {"model": "admin.logentry", "pk": 242, "fields": {"action_time": "2021-12-18T18:08:02.138Z", "user": 1, "content_type": 7, "object_id": "7", "object_repr": "Zeeshan Rafique", "action_flag": 2, "change_message": "[{\"changed\": {\"fields\": [\"Picture\"]}}]"}}, {"model": "admin.logentry", "pk": 243, "fields": {"action_time": "2021-12-18T18:09:32.482Z", "user": 1, "content_type": 7, "object_id": "8", "object_repr": "Muhammad Waleed Waseem", "action_flag": 2, "change_message": "[{\"changed\": {\"fields\": [\"Picture\"]}}]"}}, {"model": "admin.logentry", "pk": 244, "fields": {"action_time": "2021-12-18T18:11:18.203Z", "user": 1, "content_type": 7, "object_id": "9", "object_repr": "Sajjad Ahmed", "action_flag": 2, "change_message": "[{\"changed\": {\"fields\": [\"Picture\"]}}]"}}, {"model": "admin.logentry", "pk": 245, "fields": {"action_time": "2021-12-18T18:12:45.199Z", "user": 1, "content_type": 7, "object_id": "10", "object_repr": "Usman Zain ul Abedin", "action_flag": 2, "change_message": "[{\"changed\": {\"fields\": [\"Picture\"]}}]"}}, {"model": "admin.logentry", "pk": 246, "fields": {"action_time": "2021-12-18T18:15:09.988Z", "user": 1, "content_type": 7, "object_id": "11", "object_repr": "Shahzaib Kashif", "action_flag": 2, "change_message": "[{\"changed\": {\"fields\": [\"Picture\"]}}]"}}, {"model": "admin.logentry", "pk": 247, "fields": {"action_time": "2021-12-18T18:18:50.039Z", "user": 1, "content_type": 7, "object_id": "12", "object_repr": "Talha Ahmed", "action_flag": 2, "change_message": "[{\"changed\": {\"fields\": [\"Picture\"]}}]"}}, {"model": "admin.logentry", "pk": 248, "fields": {"action_time": "2021-12-18T18:20:46.158Z", "user": 1, "content_type": 7, "object_id": "13", "object_repr": "Syeda Fizza Jaffey", "action_flag": 2, "change_message": "[{\"changed\": {\"fields\": [\"Picture\"]}}]"}}, {"model": "admin.logentry", "pk": 249, "fields": {"action_time": "2021-12-18T18:24:17.723Z", "user": 1, "content_type": 7, "object_id": "14", "object_repr": "Muhammad Shahzaib", "action_flag": 2, "change_message": "[{\"changed\": {\"fields\": [\"Picture\"]}}]"}}, {"model": "admin.logentry", "pk": 250, "fields": {"action_time": "2021-12-18T18:27:56.791Z", "user": 1, "content_type": 7, "object_id": "15", "object_repr": "Muhammad Mohsin Siddiqui", "action_flag": 2, "change_message": "[{\"changed\": {\"fields\": [\"Picture\"]}}]"}}, {"model": "admin.logentry", "pk": 251, "fields": {"action_time": "2021-12-18T18:29:43.802Z", "user": 1, "content_type": 7, "object_id": "16", "object_repr": "Rehan Ejaz", "action_flag": 2, "change_message": "[{\"changed\": {\"fields\": [\"Picture\"]}}]"}}, {"model": "admin.logentry", "pk": 252, "fields": {"action_time": "2021-12-18T18:32:06.176Z", "user": 1, "content_type": 7, "object_id": "16", "object_repr": "Rehan Ejaz", "action_flag": 2, "change_message": "[{\"changed\": {\"fields\": [\"Picture\"]}}]"}}, {"model": "admin.logentry", "pk": 253, "fields": {"action_time": "2021-12-18T18:34:28.857Z", "user": 1, "content_type": 7, "object_id": "18", "object_repr": "Wishah Naseer", "action_flag": 2, "change_message": "[{\"changed\": {\"fields\": [\"Picture\"]}}]"}}, {"model": "admin.logentry", "pk": 254, "fields": {"action_time": "2021-12-18T18:34:56.946Z", "user": 1, "content_type": 7, "object_id": "17", "object_repr": "Kinza Qamar Zaman", "action_flag": 2, "change_message": "[{\"changed\": {\"fields\": [\"Picture\"]}}]"}}, {"model": "admin.logentry", "pk": 255, "fields": {"action_time": "2021-12-18T18:36:21.372Z", "user": 1, "content_type": 7, "object_id": "18", "object_repr": "Wishah Naseer", "action_flag": 2, "change_message": "[{\"changed\": {\"fields\": [\"Picture\"]}}]"}}, {"model": "admin.logentry", "pk": 256, "fields": {"action_time": "2021-12-18T18:37:39.105Z", "user": 1, "content_type": 7, "object_id": "19", "object_repr": "Muhammad Uzair Qureshi", "action_flag": 2, "change_message": "[{\"changed\": {\"fields\": [\"Picture\"]}}]"}}, {"model": "admin.logentry", "pk": 257, "fields": {"action_time": "2021-12-18T18:38:58.805Z", "user": 1, "content_type": 7, "object_id": "22", "object_repr": "Summaiya Saeed", "action_flag": 2, "change_message": "[{\"changed\": {\"fields\": [\"Picture\"]}}]"}}, {"model": "admin.logentry", "pk": 258, "fields": {"action_time": "2021-12-18T18:40:40.632Z", "user": 1, "content_type": 7, "object_id": "23", "object_repr": "Mahnoor Ismail", "action_flag": 2, "change_message": "[{\"changed\": {\"fields\": [\"Picture\"]}}]"}}, {"model": "admin.logentry", "pk": 259, "fields": {"action_time": "2021-12-18T18:40:54.821Z", "user": 1, "content_type": 7, "object_id": "24", "object_repr": "Anusha khalil", "action_flag": 2, "change_message": "[{\"changed\": {\"fields\": [\"Picture\"]}}]"}}, {"model": "admin.logentry", "pk": 260, "fields": {"action_time": "2021-12-18T18:47:33.884Z", "user": 1, "content_type": 7, "object_id": "23", "object_repr": "Mahnoor Ismail", "action_flag": 2, "change_message": "[{\"changed\": {\"fields\": [\"Period\"]}}]"}}, {"model": "admin.logentry", "pk": 261, "fields": {"action_time": "2021-12-19T09:29:47.168Z", "user": 1, "content_type": 7, "object_id": "25", "object_repr": "Auringzaib Sabir", "action_flag": 1, "change_message": "[{\"added\": {}}]"}}, {"model": "admin.logentry", "pk": 262, "fields": {"action_time": "2021-12-19T09:31:27.859Z", "user": 1, "content_type": 7, "object_id": "25", "object_repr": "Auringzaib Sabir", "action_flag": 2, "change_message": "[{\"changed\": {\"fields\": [\"Interest\"]}}]"}}, {"model": "admin.logentry", "pk": 263, "fields": {"action_time": "2021-12-19T09:32:00.382Z", "user": 1, "content_type": 7, "object_id": "25", "object_repr": "Auringzaib Sabir", "action_flag": 2, "change_message": "[{\"changed\": {\"fields\": [\"Interest\"]}}]"}}, {"model": "admin.logentry", "pk": 264, "fields": {"action_time": "2021-12-19T09:36:37.028Z", "user": 1, "content_type": 7, "object_id": "26", "object_repr": "Neha Azam", "action_flag": 1, "change_message": "[{\"added\": {}}]"}}, {"model": "admin.logentry", "pk": 265, "fields": {"action_time": "2021-12-19T10:20:44.672Z", "user": 1, "content_type": 7, "object_id": "25", "object_repr": "Auringzaib Sabir", "action_flag": 2, "change_message": "[{\"changed\": {\"fields\": [\"Picture\"]}}]"}}, {"model": "admin.logentry", "pk": 266, "fields": {"action_time": "2021-12-19T16:39:29.130Z", "user": 1, "content_type": 13, "object_id": "7", "object_repr": "Azadi (آزادی)", "action_flag": 1, "change_message": "[{\"added\": {}}]"}}, {"model": "admin.logentry", "pk": 267, "fields": {"action_time": "2021-12-19T16:40:05.184Z", "user": 1, "content_type": 13, "object_id": "7", "object_repr": "Azadi (آزادی)", "action_flag": 2, "change_message": "[{\"changed\": {\"fields\": [\"Thumbnail\"]}}]"}}, {"model": "admin.logentry", "pk": 268, "fields": {"action_time": "2021-12-19T16:41:20.069Z", "user": 1, "content_type": 13, "object_id": "7", "object_repr": "Azadi (آزادی)", "action_flag": 2, "change_message": "[{\"changed\": {\"fields\": [\"Content\", \"Image2\"]}}]"}}, {"model": "admin.logentry", "pk": 269, "fields": {"action_time": "2021-12-19T16:49:27.478Z", "user": 1, "content_type": 13, "object_id": "7", "object_repr": "Azadi (آزادی)", "action_flag": 2, "change_message": "[{\"changed\": {\"fields\": [\"Content\"]}}]"}}, {"model": "admin.logentry", "pk": 270, "fields": {"action_time": "2021-12-19T16:50:01.295Z", "user": 1, "content_type": 13, "object_id": "7", "object_repr": "Azadi (آزادی)", "action_flag": 2, "change_message": "[{\"changed\": {\"fields\": [\"Content\"]}}]"}}, {"model": "admin.logentry", "pk": 271, "fields": {"action_time": "2021-12-19T16:52:35.215Z", "user": 1, "content_type": 9, "object_id": "8", "object_repr": "Azadi (آزادی) SoC", "action_flag": 1, "change_message": "[{\"added\": {}}]"}}, {"model": "admin.logentry", "pk": 272, "fields": {"action_time": "2021-12-19T17:00:55.764Z", "user": 1, "content_type": 9, "object_id": "8", "object_repr": "Azadi (آزادی) SoC", "action_flag": 2, "change_message": "[{\"changed\": {\"fields\": [\"Thumbnail\"]}}]"}}, {"model": "admin.logentry", "pk": 273, "fields": {"action_time": "2021-12-19T17:01:28.121Z", "user": 1, "content_type": 9, "object_id": "8", "object_repr": "Azadi System on a Chip", "action_flag": 2, "change_message": "[{\"changed\": {\"fields\": [\"Title\"]}}]"}}, {"model": "admin.logentry", "pk": 274, "fields": {"action_time": "2021-12-19T17:01:52.883Z", "user": 1, "content_type": 9, "object_id": "8", "object_repr": "Azadi System on a Chip (SoC)", "action_flag": 2, "change_message": "[{\"changed\": {\"fields\": [\"Title\"]}}]"}}, {"model": "admin.logentry", "pk": 275, "fields": {"action_time": "2021-12-19T17:02:10.961Z", "user": 1, "content_type": 9, "object_id": "5", "object_repr": "Ibtida System on Chip (SoC)", "action_flag": 2, "change_message": "[{\"changed\": {\"fields\": [\"Title\"]}}]"}}, {"model": "admin.logentry", "pk": 276, "fields": {"action_time": "2021-12-19T17:02:17.628Z", "user": 1, "content_type": 9, "object_id": "8", "object_repr": "Azadi System on Chip (SoC)", "action_flag": 2, "change_message": "[{\"changed\": {\"fields\": [\"Title\"]}}]"}}, {"model": "admin.logentry", "pk": 277, "fields": {"action_time": "2021-12-20T18:33:15.970Z", "user": 1, "content_type": 7, "object_id": "22", "object_repr": "Summaiya Saeed", "action_flag": 2, "change_message": "[{\"changed\": {\"fields\": [\"Title\", \"Period\"]}}]"}}, {"model": "admin.logentry", "pk": 278, "fields": {"action_time": "2021-12-20T18:33:38.309Z", "user": 1, "content_type": 7, "object_id": "25", "object_repr": "Auringzaib Sabir", "action_flag": 2, "change_message": "[{\"changed\": {\"fields\": [\"Title\"]}}]"}}, {"model": "admin.logentry", "pk": 279, "fields": {"action_time": "2022-01-06T10:03:24.606Z", "user": 1, "content_type": 7, "object_id": "11", "object_repr": "Shahzaib Kashif", "action_flag": 2, "change_message": "[{\"changed\": {\"fields\": [\"Picture\"]}}]"}}, {"model": "admin.logentry", "pk": 280, "fields": {"action_time": "2022-01-06T10:13:22.571Z", "user": 1, "content_type": 7, "object_id": "11", "object_repr": "Shahzaib Kashif", "action_flag": 2, "change_message": "[{\"changed\": {\"fields\": [\"Picture\"]}}]"}}, {"model": "admin.logentry", "pk": 281, "fields": {"action_time": "2022-01-12T06:46:12.180Z", "user": 1, "content_type": 17, "object_id": "8", "object_repr": "Pakistan's 1st Microprocessor", "action_flag": 1, "change_message": "[{\"added\": {}}]"}}, {"model": "admin.logentry", "pk": 282, "fields": {"action_time": "2022-01-12T06:47:40.410Z", "user": 1, "content_type": 17, "object_id": "9", "object_repr": "Opening Barriers of Semiconductor Revolution in Pakistan", "action_flag": 1, "change_message": "[{\"added\": {}}]"}}, {"model": "admin.logentry", "pk": 283, "fields": {"action_time": "2022-01-12T06:52:06.689Z", "user": 1, "content_type": 17, "object_id": "10", "object_repr": "GHAZI - First Verilog based indigeneously build microprocessor fo Pakistan", "action_flag": 1, "change_message": "[{\"added\": {}}]"}}, {"model": "admin.logentry", "pk": 284, "fields": {"action_time": "2022-01-12T06:58:55.547Z", "user": 1, "content_type": 17, "object_id": "11", "object_repr": "Ibtida - First CHISEL based indegenously built microprocessor of Pakistan", "action_flag": 1, "change_message": "[{\"added\": {}}]"}}, {"model": "admin.logentry", "pk": 285, "fields": {"action_time": "2022-01-12T07:00:24.486Z", "user": 1, "content_type": 17, "object_id": "11", "object_repr": "Ibtida - First CHISEL based indigenously built microprocessor of Pakistan", "action_flag": 2, "change_message": "[{\"changed\": {\"fields\": [\"Title\"]}}]"}}, {"model": "admin.logentry", "pk": 286, "fields": {"action_time": "2022-01-12T07:00:50.582Z", "user": 1, "content_type": 17, "object_id": "10", "object_repr": "GHAZI - First Verilog based indigeneously build microprocessor of Pakistan", "action_flag": 2, "change_message": "[{\"changed\": {\"fields\": [\"Title\", \"Category\", \"Content\"]}}]"}}, {"model": "admin.logentry", "pk": 287, "fields": {"action_time": "2022-01-12T07:47:14.678Z", "user": 1, "content_type": 17, "object_id": "11", "object_repr": "First CHISEL based Indigenously Built Microprocessor of Pakistan", "action_flag": 2, "change_message": "[{\"changed\": {\"fields\": [\"Title\"]}}]"}}, {"model": "admin.logentry", "pk": 288, "fields": {"action_time": "2022-01-12T07:47:29.924Z", "user": 1, "content_type": 17, "object_id": "10", "object_repr": "First Verilog based Indigeneously built Microprocessor of Pakistan", "action_flag": 2, "change_message": "[{\"changed\": {\"fields\": [\"Title\"]}}]"}}, {"model": "admin.logentry", "pk": 289, "fields": {"action_time": "2022-01-12T10:52:27.231Z", "user": 1, "content_type": 7, "object_id": "12", "object_repr": "Talha Ahmed", "action_flag": 2, "change_message": "[{\"changed\": {\"fields\": [\"Title\"]}}]"}}, {"model": "admin.logentry", "pk": 290, "fields": {"action_time": "2022-01-12T10:52:55.508Z", "user": 1, "content_type": 7, "object_id": "7", "object_repr": "Zeeshan Rafique", "action_flag": 2, "change_message": "[{\"changed\": {\"fields\": [\"Title\"]}}]"}}, {"model": "admin.logentry", "pk": 291, "fields": {"action_time": "2022-01-12T10:53:03.141Z", "user": 1, "content_type": 7, "object_id": "13", "object_repr": "Syeda Fizza Jaffey", "action_flag": 2, "change_message": "[{\"changed\": {\"fields\": [\"Title\"]}}]"}}, {"model": "admin.logentry", "pk": 292, "fields": {"action_time": "2022-01-12T10:53:10.343Z", "user": 1, "content_type": 7, "object_id": "13", "object_repr": "Syeda Fizza Jaffey", "action_flag": 2, "change_message": "[{\"changed\": {\"fields\": [\"Title\"]}}]"}}, {"model": "admin.logentry", "pk": 293, "fields": {"action_time": "2022-01-12T10:53:51.150Z", "user": 1, "content_type": 7, "object_id": "13", "object_repr": "Syeda Fizza Jaffey", "action_flag": 2, "change_message": "[{\"changed\": {\"fields\": [\"Title\"]}}]"}}, {"model": "auth.permission", "pk": 1, "fields": {"name": "Can add log entry", "content_type": 1, "codename": "add_logentry"}}, {"model": "auth.permission", "pk": 2, "fields": {"name": "Can change log entry", "content_type": 1, "codename": "change_logentry"}}, {"model": "auth.permission", "pk": 3, "fields": {"name": "Can delete log entry", "content_type": 1, "codename": "delete_logentry"}}, {"model": "auth.permission", "pk": 4, "fields": {"name": "Can view log entry", "content_type": 1, "codename": "view_logentry"}}, {"model": "auth.permission", "pk": 5, "fields": {"name": "Can add permission", "content_type": 2, "codename": "add_permission"}}, {"model": "auth.permission", "pk": 6, "fields": {"name": "Can change permission", "content_type": 2, "codename": "change_permission"}}, {"model": "auth.permission", "pk": 7, "fields": {"name": "Can delete permission", "content_type": 2, "codename": "delete_permission"}}, {"model": "auth.permission", "pk": 8, "fields": {"name": "Can view permission", "content_type": 2, "codename": "view_permission"}}, {"model": "auth.permission", "pk": 9, "fields": {"name": "Can add group", "content_type": 3, "codename": "add_group"}}, {"model": "auth.permission", "pk": 10, "fields": {"name": "Can change group", "content_type": 3, "codename": "change_group"}}, {"model": "auth.permission", "pk": 11, "fields": {"name": "Can delete group", "content_type": 3, "codename": "delete_group"}}, {"model": "auth.permission", "pk": 12, "fields": {"name": "Can view group", "content_type": 3, "codename": "view_group"}}, {"model": "auth.permission", "pk": 13, "fields": {"name": "Can add user", "content_type": 4, "codename": "add_user"}}, {"model": "auth.permission", "pk": 14, "fields": {"name": "Can change user", "content_type": 4, "codename": "change_user"}}, {"model": "auth.permission", "pk": 15, "fields": {"name": "Can delete user", "content_type": 4, "codename": "delete_user"}}, {"model": "auth.permission", "pk": 16, "fields": {"name": "Can view user", "content_type": 4, "codename": "view_user"}}, {"model": "auth.permission", "pk": 17, "fields": {"name": "Can add content type", "content_type": 5, "codename": "add_contenttype"}}, {"model": "auth.permission", "pk": 18, "fields": {"name": "Can change content type", "content_type": 5, "codename": "change_contenttype"}}, {"model": "auth.permission", "pk": 19, "fields": {"name": "Can delete content type", "content_type": 5, "codename": "delete_contenttype"}}, {"model": "auth.permission", "pk": 20, "fields": {"name": "Can view content type", "content_type": 5, "codename": "view_contenttype"}}, {"model": "auth.permission", "pk": 21, "fields": {"name": "Can add session", "content_type": 6, "codename": "add_session"}}, {"model": "auth.permission", "pk": 22, "fields": {"name": "Can change session", "content_type": 6, "codename": "change_session"}}, {"model": "auth.permission", "pk": 23, "fields": {"name": "Can delete session", "content_type": 6, "codename": "delete_session"}}, {"model": "auth.permission", "pk": 24, "fields": {"name": "Can view session", "content_type": 6, "codename": "view_session"}}, {"model": "auth.permission", "pk": 25, "fields": {"name": "Can add employee", "content_type": 7, "codename": "add_employee"}}, {"model": "auth.permission", "pk": 26, "fields": {"name": "Can change employee", "content_type": 7, "codename": "change_employee"}}, {"model": "auth.permission", "pk": 27, "fields": {"name": "Can delete employee", "content_type": 7, "codename": "delete_employee"}}, {"model": "auth.permission", "pk": 28, "fields": {"name": "Can view employee", "content_type": 7, "codename": "view_employee"}}, {"model": "auth.permission", "pk": 29, "fields": {"name": "Can add mentors", "content_type": 8, "codename": "add_mentors"}}, {"model": "auth.permission", "pk": 30, "fields": {"name": "Can change mentors", "content_type": 8, "codename": "change_mentors"}}, {"model": "auth.permission", "pk": 31, "fields": {"name": "Can delete mentors", "content_type": 8, "codename": "delete_mentors"}}, {"model": "auth.permission", "pk": 32, "fields": {"name": "Can view mentors", "content_type": 8, "codename": "view_mentors"}}, {"model": "auth.permission", "pk": 33, "fields": {"name": "Can add project", "content_type": 9, "codename": "add_project"}}, {"model": "auth.permission", "pk": 34, "fields": {"name": "Can change project", "content_type": 9, "codename": "change_project"}}, {"model": "auth.permission", "pk": 35, "fields": {"name": "Can delete project", "content_type": 9, "codename": "delete_project"}}, {"model": "auth.permission", "pk": 36, "fields": {"name": "Can view project", "content_type": 9, "codename": "view_project"}}, {"model": "auth.permission", "pk": 37, "fields": {"name": "Can add training", "content_type": 10, "codename": "add_training"}}, {"model": "auth.permission", "pk": 38, "fields": {"name": "Can change training", "content_type": 10, "codename": "change_training"}}, {"model": "auth.permission", "pk": 39, "fields": {"name": "Can delete training", "content_type": 10, "codename": "delete_training"}}, {"model": "auth.permission", "pk": 40, "fields": {"name": "Can view training", "content_type": 10, "codename": "view_training"}}, {"model": "auth.permission", "pk": 41, "fields": {"name": "Can add technical_board", "content_type": 11, "codename": "add_technical_board"}}, {"model": "auth.permission", "pk": 42, "fields": {"name": "Can change technical_board", "content_type": 11, "codename": "change_technical_board"}}, {"model": "auth.permission", "pk": 43, "fields": {"name": "Can delete technical_board", "content_type": 11, "codename": "delete_technical_board"}}, {"model": "auth.permission", "pk": 44, "fields": {"name": "Can view technical_board", "content_type": 11, "codename": "view_technical_board"}}, {"model": "auth.permission", "pk": 45, "fields": {"name": "Can add talks", "content_type": 12, "codename": "add_talks"}}, {"model": "auth.permission", "pk": 46, "fields": {"name": "Can change talks", "content_type": 12, "codename": "change_talks"}}, {"model": "auth.permission", "pk": 47, "fields": {"name": "Can delete talks", "content_type": 12, "codename": "delete_talks"}}, {"model": "auth.permission", "pk": 48, "fields": {"name": "Can view talks", "content_type": 12, "codename": "view_talks"}}, {"model": "auth.permission", "pk": 49, "fields": {"name": "Can add project_teams", "content_type": 9, "codename": "add_project_teams"}}, {"model": "auth.permission", "pk": 50, "fields": {"name": "Can change project_teams", "content_type": 9, "codename": "change_project_teams"}}, {"model": "auth.permission", "pk": 51, "fields": {"name": "Can delete project_teams", "content_type": 9, "codename": "delete_project_teams"}}, {"model": "auth.permission", "pk": 52, "fields": {"name": "Can view project_teams", "content_type": 9, "codename": "view_project_teams"}}, {"model": "auth.permission", "pk": 53, "fields": {"name": "Can add project", "content_type": 13, "codename": "add_project"}}, {"model": "auth.permission", "pk": 54, "fields": {"name": "Can change project", "content_type": 13, "codename": "change_project"}}, {"model": "auth.permission", "pk": 55, "fields": {"name": "Can delete project", "content_type": 13, "codename": "delete_project"}}, {"model": "auth.permission", "pk": 56, "fields": {"name": "Can view project", "content_type": 13, "codename": "view_project"}}, {"model": "auth.permission", "pk": 57, "fields": {"name": "Can add category", "content_type": 14, "codename": "add_category"}}, {"model": "auth.permission", "pk": 58, "fields": {"name": "Can change category", "content_type": 14, "codename": "change_category"}}, {"model": "auth.permission", "pk": 59, "fields": {"name": "Can delete category", "content_type": 14, "codename": "delete_category"}}, {"model": "auth.permission", "pk": 60, "fields": {"name": "Can view category", "content_type": 14, "codename": "view_category"}}, {"model": "auth.permission", "pk": 61, "fields": {"name": "Can add category", "content_type": 15, "codename": "add_category"}}, {"model": "auth.permission", "pk": 62, "fields": {"name": "Can change category", "content_type": 15, "codename": "change_category"}}, {"model": "auth.permission", "pk": 63, "fields": {"name": "Can delete category", "content_type": 15, "codename": "delete_category"}}, {"model": "auth.permission", "pk": 64, "fields": {"name": "Can view category", "content_type": 15, "codename": "view_category"}}, {"model": "auth.permission", "pk": 65, "fields": {"name": "Can add category", "content_type": 16, "codename": "add_category"}}, {"model": "auth.permission", "pk": 66, "fields": {"name": "Can change category", "content_type": 16, "codename": "change_category"}}, {"model": "auth.permission", "pk": 67, "fields": {"name": "Can delete category", "content_type": 16, "codename": "delete_category"}}, {"model": "auth.permission", "pk": 68, "fields": {"name": "Can view category", "content_type": 16, "codename": "view_category"}}, {"model": "auth.permission", "pk": 69, "fields": {"name": "Can add news", "content_type": 17, "codename": "add_news"}}, {"model": "auth.permission", "pk": 70, "fields": {"name": "Can change news", "content_type": 17, "codename": "change_news"}}, {"model": "auth.permission", "pk": 71, "fields": {"name": "Can delete news", "content_type": 17, "codename": "delete_news"}}, {"model": "auth.permission", "pk": 72, "fields": {"name": "Can view news", "content_type": 17, "codename": "view_news"}}, {"model": "auth.permission", "pk": 73, "fields": {"name": "Can add testimonials", "content_type": 18, "codename": "add_testimonials"}}, {"model": "auth.permission", "pk": 74, "fields": {"name": "Can change testimonials", "content_type": 18, "codename": "change_testimonials"}}, {"model": "auth.permission", "pk": 75, "fields": {"name": "Can delete testimonials", "content_type": 18, "codename": "delete_testimonials"}}, {"model": "auth.permission", "pk": 76, "fields": {"name": "Can view testimonials", "content_type": 18, "codename": "view_testimonials"}}, {"model": "auth.permission", "pk": 77, "fields": {"name": "Can add platform", "content_type": 19, "codename": "add_platform"}}, {"model": "auth.permission", "pk": 78, "fields": {"name": "Can change platform", "content_type": 19, "codename": "change_platform"}}, {"model": "auth.permission", "pk": 79, "fields": {"name": "Can delete platform", "content_type": 19, "codename": "delete_platform"}}, {"model": "auth.permission", "pk": 80, "fields": {"name": "Can view platform", "content_type": 19, "codename": "view_platform"}}, {"model": "auth.permission", "pk": 81, "fields": {"name": "Can add collabs", "content_type": 20, "codename": "add_collabs"}}, {"model": "auth.permission", "pk": 82, "fields": {"name": "Can change collabs", "content_type": 20, "codename": "change_collabs"}}, {"model": "auth.permission", "pk": 83, "fields": {"name": "Can delete collabs", "content_type": 20, "codename": "delete_collabs"}}, {"model": "auth.permission", "pk": 84, "fields": {"name": "Can view collabs", "content_type": 20, "codename": "view_collabs"}}, {"model": "auth.user", "pk": 1, "fields": {"password": "pbkdf2_sha256$320000$oci2WByk9ts4vacXr6Sc1H$WlA7iRceTBw/0Ye0yvr7aU8f0Qf6SHv0oYZZpehQM6g=", "last_login": "2022-01-06T10:02:21.404Z", "is_superuser": true, "username": "shahzaib", "first_name": "", "last_name": "", "email": "", "is_staff": true, "is_active": true, "date_joined": "2021-10-18T07:12:27.960Z", "groups": [], "user_permissions": []}}, {"model": "contenttypes.contenttype", "pk": 1, "fields": {"app_label": "admin", "model": "logentry"}}, {"model": "contenttypes.contenttype", "pk": 2, "fields": {"app_label": "auth", "model": "permission"}}, {"model": "contenttypes.contenttype", "pk": 3, "fields": {"app_label": "auth", "model": "group"}}, {"model": "contenttypes.contenttype", "pk": 4, "fields": {"app_label": "auth", "model": "user"}}, {"model": "contenttypes.contenttype", "pk": 5, "fields": {"app_label": "contenttypes", "model": "contenttype"}}, {"model": "contenttypes.contenttype", "pk": 6, "fields": {"app_label": "sessions", "model": "session"}}, {"model": "contenttypes.contenttype", "pk": 7, "fields": {"app_label": "team", "model": "employee"}}, {"model": "contenttypes.contenttype", "pk": 8, "fields": {"app_label": "team", "model": "mentors"}}, {"model": "contenttypes.contenttype", "pk": 9, "fields": {"app_label": "project", "model": "project_teams"}}, {"model": "contenttypes.contenttype", "pk": 10, "fields": {"app_label": "trainings", "model": "training"}}, {"model": "contenttypes.contenttype", "pk": 11, "fields": {"app_label": "team", "model": "technical_board"}}, {"model": "contenttypes.contenttype", "pk": 12, "fields": {"app_label": "talks", "model": "talks"}}, {"model": "contenttypes.contenttype", "pk": 13, "fields": {"app_label": "project", "model": "project"}}, {"model": "contenttypes.contenttype", "pk": 14, "fields": {"app_label": "project", "model": "category"}}, {"model": "contenttypes.contenttype", "pk": 15, "fields": {"app_label": "trainings", "model": "category"}}, {"model": "contenttypes.contenttype", "pk": 16, "fields": {"app_label": "news", "model": "category"}}, {"model": "contenttypes.contenttype", "pk": 17, "fields": {"app_label": "news", "model": "news"}}, {"model": "contenttypes.contenttype", "pk": 18, "fields": {"app_label": "testimonials", "model": "testimonials"}}, {"model": "contenttypes.contenttype", "pk": 19, "fields": {"app_label": "testimonials", "model": "platform"}}, {"model": "contenttypes.contenttype", "pk": 20, "fields": {"app_label": "pages", "model": "collabs"}}, {"model": "sessions.session", "pk": "dn00czte3824iwm8g91kzof5duwustjg", "fields": {"session_data": ".eJxVjEsOwjAMRO-SNYpI0o_Dkn3PUNmOTQqokfpZIe4OkboAaVbz3szLjLhvedxXWcYpmYtx5vTbEfJD5grSHedbsVzmbZnIVsUedLVDSfK8Hu7fQcY11zU32HbBa1LXqu81po4CtMyeemKlTv03MTo5CwoBJBBqFIEcBI7m_QEQvTk4:1mcMpP:qJFENussjnoSINR5j85DNx8vXS-bgUqwlsWxX2H9u-o", "expire_date": "2021-11-01T07:12:59.481Z"}}, {"model": "sessions.session", "pk": "exzdo83avw9hc2wf59iqqs5rf1iy7v60", "fields": {"session_data": ".eJxVjEsOAiEQBe_C2hD5SINL956BNN0gowaSYWZlvLtOMgvdvqp6LxFxXWpcR57jxOIslDj8bgnpkdsG-I7t1iX1tsxTkpsidzrktXN-Xnb376DiqN8awLriA6JxodjAQCdTktPOUgatOKWQiVGh9yb4pI4WSCMSgHJkNIv3B-cWOBI:1n5PbB:5ZBehxTy1lEwjERHcuLmRzLKvdJFdKvg5HctJRR4GWQ", "expire_date": "2022-01-20T10:02:21.409Z"}}, {"model": "sessions.session", "pk": "p9sayi4bwvc3i06x0ahurua1qalor4bq", "fields": {"session_data": ".eJxVjEsOwjAMRO-SNYpI0o_Dkn3PUNmOTQqokfpZIe4OkboAaVbz3szLjLhvedxXWcYpmYtx5vTbEfJD5grSHedbsVzmbZnIVsUedLVDSfK8Hu7fQcY11zU32HbBa1LXqu81po4CtMyeemKlTv03MTo5CwoBJBBqFIEcBI7m_QEQvTk4:1mqIMd:5f6MobuvE99sqIXwMKsJm31RhMOTt8sZ7hq8PlNOGec", "expire_date": "2021-12-09T17:16:51.837Z"}}, {"model": "sessions.session", "pk": "vwnw6lfvb1uzo7g362uxduf7l09np3hs", "fields": {"session_data": ".eJxVjEsOAiEQBe_C2hD5SINL956BNN0gowaSYWZlvLtOMgvdvqp6LxFxXWpcR57jxOIslDj8bgnpkdsG-I7t1iX1tsxTkpsidzrktXN-Xnb376DiqN8awLriA6JxodjAQCdTktPOUgatOKWQiVGh9yb4pI4WSCMSgHJkNIv3B-cWOBI:1mwnZ5:NWn2jOAsE-Bs-qqDGZU-Hi7ECJXAwVqCGVEzFQY-Tn8", "expire_date": "2021-12-27T15:48:35.889Z"}}, {"model": "sessions.session", "pk": "xl500jhyv1cx6ekfpzzamtdgieeo6qjf", "fields": {"session_data": ".eJxVjEsOAiEQBe_C2hD5SINL956BNN0gowaSYWZlvLtOMgvdvqp6LxFxXWpcR57jxOIslDj8bgnpkdsG-I7t1iX1tsxTkpsidzrktXN-Xnb376DiqN8awLriA6JxodjAQCdTktPOUgatOKWQiVGh9yb4pI4WSCMSgHJkNIv3B-cWOBI:1mwPCh:lPFBK1Mt6MELikXEoghqWe40eyKVQFGGcNQEA2fsXTA", "expire_date": "2021-12-26T13:47:51.347Z"}}, {"model": "team.mentors", "pk": 1, "fields": {"name": "Dr. Syed Roomi Naqvi", "title": "Director/ Head MERL", "description": "PhD (Electrical Engineering), Professor of Practice at UIT", "linkedin": "https://www.linkedin.com/in/dr-syed-roomi-naqvi-22b7882/", "github": null, "twitter": null, "mail": null, "picture": "dr-room.png"}}, {"model": "team.mentors", "pk": 2, "fields": {"name": "Dr. Ali Ahmed", "title": "Team Lead MERL", "description": "PhD (Integrated Electronics & Communication Engineering),\r\nAssistant Professor, Department of Electrical Engineering, UIT", "linkedin": "https://www.linkedin.com/in/ali-ahmed-ph-d-128b9325/", "github": null, "twitter": null, "mail": null, "picture": "dr-ali.png"}}, {"model": "team.mentors", "pk": 3, "fields": {"name": "Engr. Farhan Ahmed", "title": "Software Lead MERL", "description": "ME (Telecommunication) Lecturer,\r\nDept. of Computer Science, UIT", "linkedin": null, "github": null, "twitter": null, "mail": null, "picture": "engr_farhan.png"}}, {"model": "team.mentors", "pk": 4, "fields": {"name": "Engr. M. Asad Hussain", "title": "Hardware Lead MERL", "description": "MS (Computer Networks & Communication)\r\nDept. Electrical Engineering, UIT", "linkedin": "https://www.linkedin.com/in/asadjaffri/", "github": null, "twitter": null, "mail": null, "picture": "engr_asad.png"}}, {"model": "team.employee", "pk": 1, "fields": {"name": "Muhammad Hadir Khan", "title": "Research Associate", "description": "Bachelor's in Electrical Engineering (Computer Systems) with keen interest in developing the open-source ecosystem of processor designing in Pakistan.", "skills": "Chisel,FPGA,Git,GitHub,C,Linux,Bash Scripting", "projects": "Buraq-mini processor,Ibtida System on a Chip,TileLink", "Interest": "Hardware-Software Co-Development,Operating Systems,VLSI design.", "linkedin": "https://www.linkedin.com/in/muhammad-hadir-khan-771941162/", "github": "https://github.com/hadirkhan10", "twitter": "http://google.com", "mail": "hadirkhan10@gmail.com", "picture": "profiles.png", "period": null}}, {"model": "team.employee", "pk": 2, "fields": {"name": "Hamza Shabbir", "title": "Research Associate", "description": "I am the Research Associate with 1+ year of experience in chip designing and verification.", "skills": "Hardware Description Language: Verilog System-Verilog", "projects": "None", "Interest": "RISC-V Architecture Technology", "linkedin": "https://www.linkedin.com/in/hamza-shabbir-527824196/", "github": "https://github.com/hamzashabbir517", "twitter": null, "mail": "shabbirhamza517@gmail.com", "picture": "profiles_4.png", "period": null}}, {"model": "team.employee", "pk": 3, "fields": {"name": "Hafiz Wajeh Ul Hasan", "title": "Physical Design Engineer", "description": "I completed my bachelors in Electrical Engineering with majors in Electronics. I have been part of MERL for 6 months working as an APR Engineer.", "skills": "APR skills with opensource tools like YOSYS,TRITON,OPENSTA,MAGIC etc", "projects": "Ghazi_SoC tape-out using sky130nm technology", "Interest": "My primary interest lies in Integrated Circuits,chiefly Digital Design", "linkedin": "https://www.linkedin.com/in/wajeh-ul-hasan-48a206178", "github": "https://github.com/wajehulhasan", "twitter": null, "mail": "whassan@uit.edu", "picture": "profiles_5.png", "period": null}}, {"model": "team.employee", "pk": 5, "fields": {"name": "Zain Rizwan Khan", "title": "Research Associate", "description": "Seek it out and ye shall find.", "skills": "Verilog HDL/SystemVerilog,UVM,Python for system programming,C,C++", "projects": "RTL for Ghazi System on a Chip", "Interest": "RISC-V based AI accelerators,super computing,advanced prosthetics", "linkedin": "https://www.linkedin.com/in/zain-khan-a45b221a7/", "github": "https://github.com/zainrizwankhan", "twitter": null, "mail": "zainrizwankhan@gmail.com", "picture": "profiles_3.png", "period": null}}, {"model": "team.employee", "pk": 6, "fields": {"name": "Aireen Amir Jalal", "title": "Research Assistant", "description": "I am an Electrical Engineering graduate from DHA Suffa University, Karachi, Pakistan and a Gold Medalist in my batch. Having a keen interest in research oriented studies specifically in the field of VLSI design and deep learning based applications, has led me to begin my professional career as an APR Engineer at MERL-UIT.", "skills": "Physical Design-APR Engineer", "projects": "Ibtida_SoC", "Interest": "Artificial Intelligence,APR,SoC design,Deep Learning", "linkedin": "https://www.linkedin.com/in/aireen-amir-jalal-b123141a3/", "github": "https://github.com/AireenAmirJalal", "twitter": null, "mail": "aireenamirjalal98@gmail.com", "picture": "profiles_6.png", "period": null}}, {"model": "team.employee", "pk": 7, "fields": {"name": "Zeeshan Rafique", "title": "Graduate Research Assistant <br> MSMC Lead", "description": "Bachelors in Computer System Engineering from Usman Institute of Technology, working in the field of RISC-V since Sept-2019.", "skills": "RISC-V Architecture,SystemVerilog/Verilog,FPGA,Git,Linux", "projects": "Buraq processor,Shaheen SoC", "Interest": "Low power computing,Parallel computing,Computer Architecture", "linkedin": "https://www.linkedin.com/in/zeeshanrafique23/", "github": "https://github.com/zeeshanrafique23", "twitter": null, "mail": "zrafique@uit.edu", "picture": "profiles_7.png", "period": null}}, {"model": "team.employee", "pk": 8, "fields": {"name": "Muhammad Waleed Waseem", "title": "Graduate Research Assistant", "description": "I am an undergraduate Computer System Engineering student working as an intern at MERL for over an year. Most of my experience has been in GCC (GNU C Compiler) or more precisely towards compiler side i had work on the Reverse Engineering of Rocket chip as well. I wanted to be a good Embedded System Developer. Apart from my professional pursuits, I like travelling, designing and being aware about socio-political situations.", "skills": "A good command on CHISEL and C language. Furthermore,i have good command on GCC", "projects": "Burq Backend,Reverse Engineering of Rocket Chip", "Interest": "My interest is more towards the compiler and operating system side want to explore LLVM. I’m highly intrested in writing drivers for devices.", "linkedin": "https://www.linkedin.com/in/waleed-waseem-a374051aa/", "github": "https://github.com/Muhammadwaleed99", "twitter": null, "mail": "mwwaseem@uit.edu", "picture": "profiles_8.png", "period": null}}, {"model": "team.employee", "pk": 9, "fields": {"name": "Sajjad Ahmed", "title": "Graduate Research Assistant", "description": "I sajjad Ahmed, am a self motivated and hard-working person with flexible nature. I love to do work in cooperative groups or environment and can adjust myself in any field of my interest very easily. Right now I am studying computer systems engineering from Usman institute of technology. My field of interest is open source hardware development using RISCV ISA.", "skills": "Chisel,RISCV ISA,logisim,digital logic designs,verilog", "projects": "Ibtida Soc", "Interest": "Embedded systems,RISCV ISA", "linkedin": "https://www.linkedin.com/in/sajjad-ahmed-b43bb8165", "github": "https://github.com/sajjadahmed677", "twitter": null, "mail": "SAHMED@UIT.EDU", "picture": "profiles_9.png", "period": null}}, {"model": "team.employee", "pk": 10, "fields": {"name": "Usman Zain ul Abedin", "title": "Graduate Research Assistant", "description": "I am a computer science student, a technology enthusiast and a research intern at MERL where I'm developing a software platform for our open source system or chips along with my team members. I am also a web and mobile developer and have worked mostly as freelancer. My goal is to make develop and be part of an open source processor designing ecosystem in Pakistan.", "skills": "Languages i know: c++,c#,java,python I am also a web and mobile developer. At merl,I've done hardware design in chisel. I am also a linux enthusiast and have good command over it.", "projects": "Contribution in Ibtida SoC. Created testbenchs in c++ and verilog for simulation of Ibtida SoC. Management and setup of merl uit servers.", "Interest": "Embedded systems software development.", "linkedin": "https://www.linkedin.com/in/usman-zain-ul-abedin-17779894", "github": "https://github.com/usmnzain", "twitter": null, "mail": "uszain@gmail.com", "picture": "profiles_10.png", "period": null}}, {"model": "team.employee", "pk": 11, "fields": {"name": "Shahzaib Kashif", "title": "Research Intern <br />Web Master", "description": "A passionate nerd, who likes exploring new adventures, who does things in his own unique way, and is focused towards his goals.", "skills": "Python,Django,CHISEL,Scala,HTML & CSS,Javascript,Flutter", "projects": "Project Azm-e-Nau,RISC-V Compressed Assembler,Reverse Engineering of Rocket-Chip", "Interest": "Design Decoding (Reverse Engineering),Development,Automation,Everything else that have code and adventure.", "linkedin": "https://www.linkedin.com/in/shahzaib-kashif-2655a1178/", "github": "https://github.com/shahzaibk23", "twitter": null, "mail": null, "picture": "profiles_27.png", "period": null}}, {"model": "team.employee", "pk": 12, "fields": {"name": "Talha Ahmed", "title": "Research Intern <br> Graphic Designer", "description": "Talha Ahmed is a student of BS Software Engineering in Usman Institute of Technology (UIT-NED). He is currently working as Research Intern in Micro Electronics Research Lab (MERL-UIT) and Graphic Designer in MERL Social Media Cell. He is mindful with competitive approach towards learning new things and stay in tune with the latest working technologies and professional development. He believes mindfulness in the workplace is key to success. Meanwhile, he vastly improved the productivity of his team by implementing his knowledge and skills for the recent project of REVERSE ENGINEERING OF ROCKET CHIP which is presented in International SUMMIT of RISCV 2020.", "skills": "Python,SCALA,CHISEL", "projects": "Single Cycle Core named Shaheen Core,5-Stage Processing Core,RISCV Compressed Assembler for C Extension,Reverse Engineering of Rocket Chip", "Interest": "Programming", "linkedin": "https://www.linkedin.com/in/talha-a-316a68113/", "github": "https://github.com/Talha-Ahmed-1", "twitter": null, "mail": "tahmed@students.uit.edu", "picture": "profiles_12.png", "period": null}}, {"model": "team.employee", "pk": 13, "fields": {"name": "Syeda Fizza Jaffey", "title": "Research Intern <br> Content Writer", "description": "Syeda Fizza Jaffery is a student of BS Software Engineering from Usman Institute of Technology (UIT-NED). She is currently serving as Research Intern in Micro Electronics Research Lab (MERL-UIT), the first Research Lab that aims to design First Digital Processor of Pakistan that is based on open-source RISC-V Technology. She is also a team memeber of MERL Socail Media Cell. She is fuelled by her passion for understanding the nuances of multi-language software development. She considers herself a ‘forever student,’ eager to build on both perusing professional degree along with learning new skills. Her eagerness for knowledge and determination to turn information into action has contributed to most recent success of Group in MERL that presented their research work about “Reverse Engineering of Rocket Chip” at RISC-V Summit (8th Dec,2020).", "skills": "Python,Scala,Chisel,HTML & CSS,Digital Marketing,Oracle Database,SQL,PyQt5,MySQL,Git", "projects": "RISC-V Single Cycle Core (ZARRAR),RISC-V 5-Stage Pipeline Core,Compressed Assembler for RISC-V (C Extension),Integrated in BURQ Simulator,Reverse Engineering of Rocket Chip", "Interest": "Public Speaking,Content Writing,Designing and Developing", "linkedin": "https://www.linkedin.com/in/fizza-jaffery-9765b4178/", "github": "https://github.com/syedafizza1", "twitter": null, "mail": "sjaffery@students.uit.edu", "picture": "profiles_13.png", "period": null}}, {"model": "team.employee", "pk": 14, "fields": {"name": "Muhammad Shahzaib", "title": "Research Intern", "description": "Muhammad Shahzaib is an undergraduate student of software engineering. Currently working on SoC generator.  Really a passionate programmer with great command on Python programming Language, web designing, web development, desktop Applications. Vootls Coordinator at IEEE UIT Student Branch. Internee at MERL UIT.", "skills": "Command on Python programming language. Scala language Chisel based works.  Web designing Web development Flutter Android development", "projects": "Single cycle processor. 5 stage pipeline processor Reverse engineering of Rocket chip. Working on SoC generator.", "Interest": "Programming. Software development.", "linkedin": "https://www.linkedin.com/in/mohammad-shahzaib-8325b3178", "github": "https://github.com/Shahzaib2028", "twitter": null, "mail": "mohammadshahzaib2028@gmail.com", "picture": "profiles_14.png", "period": null}}, {"model": "team.employee", "pk": 15, "fields": {"name": "Muhammad Mohsin Siddiqui", "title": "Research Intern", "description": "Hi, My name is Muhammad Mohsin Siddiqui, I am Research Intern in Micro Electronics Research Lab (MERL). I am very hardworking and passionate about my work. I am interested in learning new Algorithms of Machine Learning and Software Design Patterns. I am try to minimize the complexity of the code and make it reusable.", "skills": "Python,C++,HTML,CSS,Django,Scala,Chisel", "projects": "Single Cycle Core,5-Stage Pipeline Core,BURQ-IDE(RISC-V Simulator)", "Interest": "Machine Learning,Software Design Patterns,Software Verification and Validation.", "linkedin": "http://www.linkedin.com/in/muhammad-mohsin-siddiqui-3b45a0178", "github": "https://github.comsiddiquimohsin/", "twitter": null, "mail": "siddiquimohsin660@gmail.com", "picture": "profiles_15.png", "period": null}}, {"model": "team.employee", "pk": 16, "fields": {"name": "Rehan Ejaz", "title": "Research Intern", "description": "Grounded and solution oriented engineer with a wide variety of skills. Adept at motivating self and others. Passionate about robotics, Hardware designing and educating the next generation of innovators.", "skills": "SystemVerilog Verilog Arduino Analog and digital Circuit designing 3D designing PCB designing C C++ MATLAB", "projects": "Integration of Uart and Sram in SweRV EL2", "Interest": "Automation Robotics Hardware designing", "linkedin": "https://www.linkedin.com/in/rehan-ejaz-08484a1a9rejaz@students.uit.edu", "github": "https://github.com/RehanEjaz", "twitter": null, "mail": "rejaz@students.uit.edu", "picture": "profiles_17.png", "period": null}}, {"model": "team.employee", "pk": 17, "fields": {"name": "Kinza Qamar Zaman", "title": "Research Intern", "description": "An undergrad student, who is eager to learn and explore every diversity around her.", "skills": "SystemVerilog,SystemVerilog OOP,System Verilog Randomization,Universal Verification Methodology(UVM),RISC-V ISA,RTL Design and Verification,Cadence Xcelium,Verilator,Icarus Verilog", "projects": "RV32-I Single Cycle Processor Five stage pipelined Processor Verification of Azadi SoC", "Interest": "Swarm Intelligence,Artificial and Neural Networks,Robotics,Ethical Hacking,Embedded systems,RTL Design and Verification", "linkedin": "https://www.linkedin.com/in/kinza-qamar-zaman-248a10210/", "github": "https://github.com/KinzaQamar", "twitter": null, "mail": "kinzahqamarzaman@gmail.com", "picture": "profiles_18_vT4lDlk.png", "period": null}}, {"model": "team.employee", "pk": 18, "fields": {"name": "Wishah Naseer", "title": "Research Intern", "description": "I am Wishah Naseer, I am an undergraduate student of Computer Systems Engineering and Research Intern at MERL-UIT. I have great experience on web development, app development, Graphics Designing and on MATLAB, moreover I have been a part of verification and design team in MERL. My area of interests includes Ethical Hacking. Experience on multiple programming languages, microcontrollers and robotics. Seeking for more knowledge ahead to survive in my practical life and to work with full dedication, sincerity, and loyalty.", "skills": "▪Vast computer Knowledge (i.e. MS office,Hardware,Software) ▪ Programming languages (i.e. Cpp,python,java,sql,Verilog,System Verilog,Assembly language,Markdown  language) ▪ Robotics ▪ Web development (HTML5,CSS) ▪ App development", "projects": "Single cycle core on system verilog,testing of azadi through assembly tests,pwm peripheral and apb interconnect for lexicon SOC.", "Interest": "Web and app development,hardware design,Networking and graphics designing.", "linkedin": "https://www.linkedin.com/in/wishah-naseer-641a061a1", "github": "https://github.com/Wishah456", "twitter": null, "mail": "wishahnaseerahmed@gmail.com", "picture": "profiles_19.png", "period": null}}, {"model": "team.employee", "pk": 19, "fields": {"name": "Muhammad Uzair Qureshi", "title": "Research Intern", "description": "My name is M. Uzair Qureshi, student of Computer Systems Engineering. I am having experience on robotics, Programming, advanced MATLAB, web, and app development. Moreover, being a computer engineer, I am working as a part of Hardware designer in MERL UIT. I am very hardworking, sincere, and loyal to my work.", "skills": "Networking Vast computer Knowledge (i.e. MS office,Hardware,Softwares etc) Programming languages (Cpp,SQL,Verilog,System Verilog,Assembly  language) Robotics Web development (HTML5,CSS)", "projects": "Single cycle core,peripherals for Rev SOC and understanding of swerv for lexicon SOC", "Interest": "Hardware designing,Networking,Ethical Hacking", "linkedin": "https://www.linkedin.com/in/m-uzair-qureshi-1487451ab", "github": "https://github.com/Uzair141", "twitter": null, "mail": "qureshi.uzair14121@gmail.com", "picture": "profiles_20.png", "period": null}}, {"model": "team.employee", "pk": 22, "fields": {"name": "Summaiya Saeed", "title": "Intern", "description": "Summaiya Saeed student of Usman institute of Technology(UIT-NED) doing BS in Software Engineering, join Micro Electronic Research Lab (MERL-UIT) as an Intern, completed single cycle on logism , learn basics of scala and chisel, complete the feature tree of SUITE, doing requirement engineering of BURQ SUITE and doing prototyping of SUITE.", "skills": "Python  OOP Django  Html,css Pyqt5 Oracle database SQL", "projects": "Prototyping of SUITE", "Interest": "Python,Database", "linkedin": "https://www.linkedin.com/in/summaiya-saeed-3775a0178", "github": "https://github.com/Summaiya-Saeed", "twitter": null, "mail": "bilalsaeed644444@gmail.com", "picture": "profiles_21.png", "period": null}}, {"model": "team.employee", "pk": 23, "fields": {"name": "Mahnoor Ismail", "title": "Intern", "description": "This is me, Mahnoor Ismail, a final year student of Software Engineering.  I am an enthusiastic, self-motivated, reliable, responsible, and hardworking individual.\r\n Mature enough to face challenging situations.\r\n I can work well both in a team environment as well as using my initiative. Giving my best to serve this country with my skills.\r\nMy main goal in life is to bring out the best in myself and to assist others in developing their abilities.\r\nAs for me, your wealth does not count, it is your aim that makes you a big person!", "skills": "Python,Linux,Artificial Intelligence,Script Automation,RegEx,Web Development,HTML & CSS,Dart,Software Development,Software Prototyping,UI Designing", "projects": "Automated Verification Script,Requirement Engineering of Burq Suite,Wireframing of Burq Suite,Prototyping and Mockup designing of Burq Suite", "Interest": "Enginneering a complete software,Automation,Data Extraction,UI/UX", "linkedin": "https://www.linkedin.com/in/mahnoor-ismail-b8017a179/", "github": "https://github.com/Mahnoor-ismail01", "twitter": null, "mail": "mahnoorismail011@gmail.com", "picture": "profiles_22.png", "period": null}}, {"model": "team.employee", "pk": 24, "fields": {"name": "Anusha khalil", "title": "Intern", "description": "I am a highly driven student experienced in object-oriented programming, including logic design, development, testing, and debugging. Quick learner or appreciates trying out different technology; capable of working in both team-based and self-directed situations.", "skills": "Python,Django,Flutter,Chisel,Scala,RISCV assembly", "projects": "I have generated single cycle during my training period in MERL", "Interest": "backend development,hardware software integration", "linkedin": "https://www.linkedin.com/in/anusha-khalil-6002a7134/", "github": "https://github.com/Anushakhalil", "twitter": null, "mail": "akhalil@students.uit.edu", "picture": "profiles_18_qhuKeR0.png", "period": null}}, {"model": "team.employee", "pk": 25, "fields": {"name": "Auringzaib Sabir", "title": "Research Associate <br> Verification Engineer", "description": "Over the last few years, I have been serving in the semiconductor industry as a Hardware Verification Engineer. I have worked on a variety of large and small hardware projects.", "skills": "Verilog,System Verilog,OOP,UVM (universal verification methodology),constrained-random verification environments and functional coverage collections (by cover-groups & assertions),Knowledge of CXL,PCIe,QDMA,FPGAs & ASIC,RISC-V ISA", "projects": "Verification of AZADI-SOC. It is a RISC-V ISA core. (In progress)", "Interest": "Hardware design and Verification,Contribution to improving hardware verification by automation and AI & ML algorithms,Add more skills to the list and brush up on the current ones,Open source technology like RISC-V.", "linkedin": "https://www.linkedin.com/in/auringzaib-sabir/", "github": "https://github.com/AuringzaibSabir", "twitter": null, "mail": "auringzaibsabir11@gmail.com", "picture": "profiles_25.png", "period": null}}, {"model": "team.employee", "pk": 26, "fields": {"name": "Neha Azam", "title": "Research Intern", "description": "I am doing BS-Software Engineering from UITU, currently working as Research Intern in MERL. I am passionate to learn in a competitive environment where i can keep in touch with latest technology.", "skills": "Python,scala,chisel,functional programming,prototype,database", "projects": "Scala-chisel learning journey,Functional Programming,RV-32I Single Cycle Core with functional programming,RISC-V Processor,5-stage Pipelining in progress", "Interest": "To Learn multiple language", "linkedin": "https://www.linkedin.com/in/neha-azam-591566204", "github": "https://github.com/NehaAzam18", "twitter": null, "mail": "nehaurooj123@gmail.com", "picture": "profiles_24.png", "period": null}}, {"model": "team.technical_board", "pk": 1, "fields": {"name": "AMIR BASHIR", "title": "Analog Mixed Signal (AMS) interface IP design and low power design", "description": "Amir Bashir received his B.S. degree in electrical engineering from Iowa State University, Ames, IA and MSEE degree from Purdue University, West Lafayette, IN. Amir joined Intel corporation in 1991, Currently he is Chief Engineer system integration for a Data Center NAND SSD product in Intel NVM Solutions Group. Before NVM group, he has held roles in Intel custom foundry, Intel Nirvana AI training ASIC design, Integrated graphics chipset design and NVM Flash design.\r\n\r\nHis area of interests includes Analog Mixed Signal (AMS) interface IP design and low power design. Amir holds 5 patents.", "linkedin": "https://www.linkedin.com/in/amirbashir/", "picture": ""}}, {"model": "team.technical_board", "pk": 2, "fields": {"name": "ASAD KHAN", "title": "Core Architecutre Perfromance", "description": "Asad is a graduate of UET Lahore and holds MS and PhD degrees in Electrical Engineering from Northwestern University. His focus is on Performance, Power and Architecture Analysis of Advanced Computer Architectures and benchmarking of IA architecture for networking workloads.\r\n\r\nHe is also involved in developing innovative modeling techniques using machine learning and regression analysis for Power and Performance modeling of modern processor.", "linkedin": "https://www.linkedin.com/in/asad-khan-0a65912/", "picture": ""}}, {"model": "team.technical_board", "pk": 3, "fields": {"name": "AMEEN ASHRAF", "title": "SoC Architect - Design Verification", "description": "Ameen Ashraf is a technologist with years of leadership in ASIC design/verification and a passion to spread ASIC verification skills in the world to help up-skill people.\r\n\r\nHe currently works as a senior technical lead in Facebook’s Agile Silicon Team. He started his career as a member of silicon design team in Transmeta working with industry luminaries like Linus Torvalds and David Ditzel. After a short stint at MetaRAM, he joined Apple. During his 10-year tenure he worked on every single SOC shipped in Apple products signing off on several for mass production as the verification lead, building/mentoring A-class teams along the way. He did his MSEE from Stanford University and before that BSEE from GIK Institute in Pakistan, graduating with two gold medals for academic performance. Prior to that he graduated from high school from Karachi Board of Higher Secondary education with the highest score in the 50 year old history of the board.", "linkedin": "https://www.linkedin.com/in/ameen-ashraf-171850", "picture": ""}}, {"model": "team.technical_board", "pk": 4, "fields": {"name": "DR. ALI SHUJA SIDDIQUI", "title": "Hardware Security", "description": "Dr Ali Shuja has done the PhD from the university of North Carolina. He successfully published a PhD thesis on \"Design of secure boot for reconfigurable architecture\".\r\n\r\nCurrently, he is working at CISCO, USA as a software engineer in the compiler and debugging tools team.", "linkedin": "https://www.linkedin.com/in/alishuja", "picture": ""}}, {"model": "project.category", "pk": 1, "fields": {"name": "Simulator"}}, {"model": "project.category", "pk": 2, "fields": {"name": "Compiler Research"}}, {"model": "project.category", "pk": 3, "fields": {"name": "Research Projects"}}, {"model": "project.category", "pk": 4, "fields": {"name": "Verification"}}, {"model": "project.category", "pk": 5, "fields": {"name": "Verilog based SoC"}}, {"model": "project.category", "pk": 6, "fields": {"name": "CHISEL based SoC"}}, {"model": "project.project", "pk": 1, "fields": {"title": "Oxygen Simulator", "category": 1, "content": "<h1> Oxygen Simulator </h1>\r\nOxygen is a student-focused, open-source, educational, and web-based RISC-V Instruction Set Simulator. Oxygen supports I-Extension, IM-Extension and IMC-Extension together. Oxygen was mainly built for education purposes so that the students who want to learn about the RISC-V Instruction Set Architecture can benefit from it. A user can write the RISC-V instructions in the editor interface and can simulate these instructions by observing the changes in Register and Memory tabs.\r\nThere are a variety of display settings for Register and Memory tabs. Oxygen provides an intelligent editor for the user to write their code using RISC-V assembly which is helpful in a way such that if the user enters a wrong instruction, it can detect the error and inform it to the user even before it is sent for interpretation. It also includes another interesting feature that decodes the instruction into binary, breaks those binary bits according to the instruction architecture, and shows its distribution on the screen. This feature can greatly help the students who are new to RISC-V and are trying to get familiar with its architecture.\r\nThe UI/UX of the Oxygen simulator is flexible for the novice learner which provides great user experience due to its user-friendly GUI design. Oxygen can also be used for the counter verification of instruction’s decoding and execution of assembled code.", "thumbnail": "oxy_new.png", "image1": "ox1.png", "image2": "ox1_eHGfrK7.png", "image3": "ox2_qxyGg9Z.png", "cover": ""}}, {"model": "project.project", "pk": 2, "fields": {"title": "LLVM Compiler", "category": 2, "content": "<h1> LLVM Compiler Research </h1>\r\nWe are working on the development of a GNU C compiler, which is capable of reinforcing vector support. As a GCC compiler does not support vector support currently, switching to LLVM (Low-level virtual machine) is a possible solution. Two groups of researchers have been allocated; one is dedicated to exploring the development of LLVM compiler, while the other is using their expertise of Verilog, system Verilog and chisel for the development for FIRRTL (Flexible Intermediate Representation for RTL); a hardware compiler framework that performs optimization of Chisel-generated circuits and supports user-defined circuit transformation.", "thumbnail": "LLVMM3_new.png", "image1": "LLVM_cover.png", "image2": "LLVM_cover_E6dorcu.png", "image3": "", "cover": ""}}, {"model": "project.project", "pk": 3, "fields": {"title": "Reverse Engineering of Rocket Chip", "category": 3, "content": "<h1> Rocket Chip </h1>\r\n<h3> Overview </h3>\r\nCreate Micro-Architecture and Software Specification (MASS) Document designed through our methodology that would enable developers or enthusiasts to modify Rocket-Chip’s modules and create an Intellectual Property (IP) using it.\r\n<h3> Software Methodology </h3>\r\n<ul>\r\n<li>Object-Oriented Programming (OOP) principles and high-level Functional Programming concepts were used to better understand the structure of the Rocket-Chip code. </li>\r\n<li>Flowcharts, UML Class Diagrams, and Block Diagrams were made to understand the in-depth functionality of each module inside the Rocket-Chip. </li>\r\n</ul>\r\n<h3> Complexity of Task </h3>\r\n<ul>\r\n<li>Rocket-Chip contains 328 source files of Scala in 23 directories and 33,427 total lines of Scala code. </li>\r\n<li>To the best of our knowledge, there is no previous MASS Document of Rocket-Chip available for micro-architecture as well as software-level understanding. </li>\r\n</ul>\r\n<h3> Future Research </h3>\r\n<ul>\r\n<li>Integrate peripherals with the Rocket-Chip SoC that are not available in the Rocket-Chip repository which includes GPIO, I2C, JTAG etc. </li>\r\n<li>Creates parameterizable Micro-Architecture.</li>\r\n<li>Extend to include the any Extensions.</li>", "thumbnail": "rc_new.png", "image1": "MAS.png", "image2": "COVER-page-001.jpg", "image3": "", "cover": ""}}, {"model": "project.project", "pk": 4, "fields": {"title": "BURQ IDE", "category": 4, "content": "<h1> BURQ IDE </h1>\r\nBURQ (برق) IDE is a RISCV core simulator. It simulates the working and testing of any 32, 64-bit RISC V core on I, M, C, and V extension support. The idea is that a core (either written in chisel or Verilog) could be tested via the ide automatically without setting up custom compilers or setting paths to the text file and writing scripts, making the entire process automated. Furthermore essential features of the ide like error correction find and replace and more are added for ease of use for the end-user. It supports regression testing for RISC V processors so that the user can verify if their core is working optimally.", "thumbnail": "BURQ1.png", "image1": "buq_logo.png", "image2": "buq_logo_qqKsP85.png", "image3": "burq_ide_wUklLsU.png", "cover": ""}}, {"model": "project.project", "pk": 5, "fields": {"title": "GHAZI (غازی)", "category": 5, "content": "<h1>Ghazi System on a Chip</h1>\r\nAn SoC (System on a Chip) design for Google-sponsored Open MPW shuttles for SKY130. The processor core is the 3-stage version of the Buraq Core RV32IMC. The hardware implementation incorporates options such as IRQ, Multiply, Divide, and the compressed (16 bit) ISA for embedded applications. The SoC has peripherals such as GPIO, UART, a platform level interrupt controller (PLIC) as well as a timer and a debug module all connected using the Tilelink Interconnect and is going to be fabricated using a 130nm process in collaboration with Efabless and SkyWater which will be funded by Google.\r\n<br />\r\n<br />\r\n<h3>FEATURES:</h3>\r\n<ul>\r\n<li>Support for M extension with a single cycle \"Fast\" multiplier</li>\r\n<li>Separate instruction and data memories</li>\r\n<li>TileLink Un-Cached Lightweight (TL-UL) Bus Protocol</li>\r\n<li>32 GPIO with configurable interrupts and option for masked writing </li>\r\n<li>2 pin full duplex UART • RISC-V compliant interrupt controller </li>\r\n<li>64-bit timer with 12-bit prescaler and 8-bit step register </li>\r\n<li>JTAG Test Access Port (TAP) for debug </li>\r\n</ul>", "thumbnail": "GHAZI.png", "image1": "ghz_design.jpg", "image2": "ghz_design_sAjlTg7.jpg", "image3": "", "cover": ""}}, {"model": "project.project", "pk": 6, "fields": {"title": "IBTIDA (ابتدا)", "category": 6, "content": "<h1>Ibtida System on a Chip</h1>\r\nIbtida - ابتدا means \"The Beginning\", this System on a Chip (SoC) is the start of many RISC-V based SoCs to come. It is the first CHISEL-based chip to be taped out from Pakistan, and has been designed by Muhammad Hadir Khan, Sajjad Ahmed, and Usman Zain; engineering graduate and undergraduate students respectively. The physical layout of the design is achieved by Aireen Amir Jalal, who is also an engineering graduate. Ibtida is a simple SoC, with GPIO as a peripheral, external instruction, and data memories, connected with the TileLink interconnect. It is built around RISC-V based 5 stage pipelined core Buraq-Mini, all developed from scratch using CHISEL HCL.\r\n<br />\r\n<br />\r\n<h3>FEATURES:</h3>\r\n<ul>\r\n<li>RV32IM extension support.</li>\r\n<li>5 stage pipelined core.</li>\r\n<li>Separate instruction and data memories (each 256 Bytes).</li>\r\n<li>TileLink Un-Cached Lightweight (TL-UL) Bus Protocol.</li>\r\n<li>GPIO peripheral with 30 I/Os connected to the I/O pads.</li>\r\n</ul>", "thumbnail": "IBTIDA.png", "image1": "ibtida_qBXrebp.jpg", "image2": "ibt_design_sCjqf45.jpg", "image3": "", "cover": ""}}, {"model": "project.project", "pk": 7, "fields": {"title": "Azadi (آزادی)", "category": 5, "content": "<h1>Azadi System on a Chip</h1>\r\nAzadi - آزادی means \"The Freedom\", this System on a Chip (SoC) is the start of many RISC-V based SoCs to come. Azadi is an SoC with a 32-bit RISC-V signal core extended version of ibex we named it \"buraq\", it is a 3-stage pipeline core that implements the RV32IMF instruction set architecture, a limited number of peripherals UART, SPI, GPIO, PWM, and timer.\r\n\r\n<br />\r\n<br />\r\n<h3>FEATURES:</h3>\r\n<ul>\r\n<li>32-bit ISA</li>\r\n<li>Mutiplier Unit and Floating Point included (RV32-IMF)</li>\r\n<li>3 Stage Pipelined Core </li>\r\n<li>Universal Asynchronous Receiver Transmitter (UART)</li>\r\n<li>Serial Peripheral Interface (SPI)</li>\r\n<li>GPIO</li>\r\n<li>PWM </li>\r\n<li>TIMER </li>\r\n</ul>", "thumbnail": "pexels-timson-foox-2182863_____vsAxcgo.jpg", "image1": "AZADI_1.png", "image2": "gds.png", "image3": "", "cover": "pexels-timson-foox-2182863____.jpg"}}, {"model": "project.project_teams", "pk": 2, "fields": {"title": "Oxygen Simulator", "description": "Oxygen is a student-focused, open-source, educational, and web-based RISC-V Instruction Set Simulator. Oxygen supports I-Extension, IM-Extension and IMC-Extension together. Oxygen was mainly built for education purposes so that the students who want to learn about the RISC-V Instruction Set Architecture can benefit from it", "project": 1, "thumbnail": "oxy_seedhi1_Vaiwj0J.png", "teamMembers": [7], "mentors": [2, 3]}}, {"model": "project.project_teams", "pk": 3, "fields": {"title": "BURQ IDE", "description": "Verification and validation of any hardware is an essential and most important part. For the verification of our SoC we have designed a tool which is known as ‘BURQ’. The idea is that a core (either written in chisel or verilog) could be tested via the IDE automatically without setting up custom compilers or setting paths to the test file and writing scripts.", "project": 4, "thumbnail": "burq_seedhi1_MPSxMYU.png", "teamMembers": [15], "mentors": [3]}}, {"model": "project.project_teams", "pk": 4, "fields": {"title": "Ghazi System on Chip (SoC)", "description": "The team behind the RTL (Register Transfer Level), APR (Placement and Routing) and both Pre and Post Synthesis Verification of Ghazi System on a Chip. Uses of a core in deeply embedded systems such as IoT end-nodes range from simple control and interaction with peripherals, to the execution of light-weight processing, all the way up to the computation of complex signal processing algorithms. Design of such cores usually involves high royalty fee and copyright implications when using ARM or Intel x86 based architecture. Thus, an SoC, that uses a core based on an open source ISA (Instruction Set Architecture) is often required that we could easily adapt to suit multiple specifications as needed.", "project": 5, "thumbnail": "ghazi_seedhi1_MJXJMgA.png", "teamMembers": [2, 3, 5, 7], "mentors": [2]}}, {"model": "project.project_teams", "pk": 5, "fields": {"title": "Ibtida System on Chip (SoC)", "description": "This team is working on the design of a complete System on a Chip (SoC) that is built from scratch based on the RISC-V Instruction Set Architecture (ISA). The Ibtida ابتدا project's aim is to build a completely open-source chip from scratch and take it from designing to fabrication using all open-source tools and Process Design Kit (PDK) made possible by Efabless, Google and FOSSI Foundation.", "project": 6, "thumbnail": "ibtida_seedhi2_UE9mfBW.png", "teamMembers": [1, 6, 9, 10], "mentors": [2]}}, {"model": "project.project_teams", "pk": 6, "fields": {"title": "Reverse Engineering Rocket Chip", "description": "Rocket chip is the SoC generator written in Chisel and understood by quite a few. We make our own pedagogy which enabled our undergraduate students to understand this complex and powerful tool and its architecture which is not well documented and is a pain problem for many industries looking to adopt Chisel and RISC-V. Our goal is to Reverse Engineer the Rocket Chip generator by using the expertise of Scala (functional Programming and Object Oriented Programming).", "project": 3, "thumbnail": "rc_seedhi_qiqoUFk.png", "teamMembers": [11, 12, 13, 14], "mentors": [3]}}, {"model": "project.project_teams", "pk": 7, "fields": {"title": "LLVM for Vector Extension & FIRRTL", "description": "We are preparing to move forward after the tape-out of the SoCs. We aim to add another extension known as the Vector Extension (short:' V') to our core. This will accelerate our processing speed for complex machine algorithm. We hoped that a low-level virtual machine (LLVM) will provide the opportunity for us to write an inline vector extension assembly. We are forming a team that is solely exploring an LLVM. Another work that is in progress is the optimization of CHISEL generated Verilog which is generated by FIRRTL. Usually, the CHISEL generated Verilog is not much readable the naming convention is not understandable by the observer so for tackling this problem the subset of the students is working on that.", "project": 2, "thumbnail": "LLVM2.png", "teamMembers": [8, 15], "mentors": [3]}}, {"model": "project.project_teams", "pk": 8, "fields": {"title": "Azadi System on Chip (SoC)", "description": "Azadi is an SoC with a 32-bit RISC-V signal core extended version of ibex we named it \"buraq\", it is a 3-stage pipeline core that implements the RV32IMF instruction set architecture, a limited number of peripherals UART, SPI, GPIO, PWM, and timer.", "project": 7, "thumbnail": "azadi_seedhi.png", "teamMembers": [7, 8, 9, 10], "mentors": [2]}}, {"model": "trainings.category", "pk": 1, "fields": {"name": "Auto Place & Route"}}, {"model": "trainings.training", "pk": 1, "fields": {"name": "OPEN-LANE", "title": "OpenLane Tooling Workshop", "category": 1, "description": "OpenLane is an automated RTL to GDSII flow for design exploration and optimization that uses OpenROAD, Yosys, Magic, Netgen, Fault, OpenPhySyn, CVC, SPEF-Extractor, CU-GR, Klayout, and custom methodology scripts. The flow covers the entire ASIC implementation process, from RTL to GDSII. Micro Electronics Research Lab conducted a workshop on OpenLane Tools in collaboration with the&nbsp;<a href=\"https://osfpga.org/\" target=\"_blank\"><strong>Open-Source FPGA Foundation</strong></a>&nbsp;and support of&nbsp;<a href=\"https://paklaunch.com/\" target=\"_blank\"><strong>Paklaunch.com</strong></a>. This workshop is specifically aligned for Pakistani Engineering undergraduate and graduate students and faculty who have an Electrical/Electronics background. It will enable you to design your own chip using the open-source tool \"OpenLane\" so that you can participate in Tapeout Pakistan. The workshop is entirely free of charge\r\n            <ul class=\"list-unstyled\">\r\n<hr />\r\n                <li>Day 1: Introduction to APR, OpenLane, and Sky130 process design kit (PDK)<br><br></li>\r\n               <iframe width=\"100%\" height=\"400\" src=\"https://www.youtube.com/embed/jDPnI2JzLyU\" title=\"YouTube video player\" frameborder=\"0\" allow=\"accelerometer; autoplay; clipboard-write; encrypted-media; gyroscope; picture-in-picture\" allowfullscreen></iframe>\r\n<hr />\r\n                <li>Day 2: Getting started with OpenLane and CMOS<br><br></li>\r\n<iframe width=\"100%\" height=\"400\" src=\"https://www.youtube.com/embed/y1vCd-CbQbc\" title=\"YouTube video player\" frameborder=\"0\" allow=\"accelerometer; autoplay; clipboard-write; encrypted-media; gyroscope; picture-in-picture\" allowfullscreen></iframe>\r\n<hr />\r\n                <li>Day 3: Register Transfer Level(RTL) Synthesis and Static Timing Analysis(STA)<br><br></li>\r\n<iframe width=\"100%\" height=\"400\" src=\"https://www.youtube.com/embed/g4Dm1zEuCPY\" title=\"YouTube video player\" frameborder=\"0\" allow=\"accelerometer; autoplay; clipboard-write; encrypted-media; gyroscope; picture-in-picture\" allowfullscreen></iframe>\r\n<hr />\r\n                <li>Day 4: Floorplan+PDN<br><br></li>\r\n<iframe width=\"100%\" height=\"400\" src=\"https://www.youtube.com/embed/VdfXi-6T8do\" title=\"YouTube video player\" frameborder=\"0\" allow=\"accelerometer; autoplay; clipboard-write; encrypted-media; gyroscope; picture-in-picture\" allowfullscreen></iframe>\r\n<hr />\r\n                <li>Day 5: Placement<br><br></li>\r\n<iframe width=\"100%\" height=\"400\" src=\"https://www.youtube.com/embed/4aBNgxC6ivQ\" title=\"YouTube video player\" frameborder=\"0\" allow=\"accelerometer; autoplay; clipboard-write; encrypted-media; gyroscope; picture-in-picture\" allowfullscreen></iframe>\r\n<hr />\r\n                <li>Day 6: Clock Tree Synthesis(CTS)<br><br></li>\r\n<iframe width=\"100%\" height=\"400\" src=\"https://www.youtube.com/embed/xvUZF9hwdW0\" title=\"YouTube video player\" frameborder=\"0\" allow=\"accelerometer; autoplay; clipboard-write; encrypted-media; gyroscope; picture-in-picture\" allowfullscreen></iframe>\r\n<hr />\r\n                <li>Day 7: Routing<br></li>\r\n                <li>Day 8: Final steps towards GDS<br><br></li>\r\n<iframe width=\"100%\" height=\"400\" src=\"https://www.youtube.com/embed/U4lILSa1HL8\" title=\"YouTube video player\" frameborder=\"0\" allow=\"accelerometer; autoplay; clipboard-write; encrypted-media; gyroscope; picture-in-picture\" allowfullscreen></iframe>\r\n            </ul>", "teamMembers": [], "mentors": []}}, {"model": "talks.talks", "pk": 1, "fields": {"name": "Dr. Yunsup Lee was talking about MERL at RISC V Summit 2019", "description": "Team SiFive visited our lab before RISC-V global summit 2019 and he was very excited when they saw that undergraduate students are working RISC-V and making their cores using CHISEL.\r\nAt the global summit 2019, he said a few kind words for our laboratory which you can watch in this video.", "video": "https://www.youtube.com/embed/HRdw202Fneg"}}, {"model": "talks.talks", "pk": 2, "fields": {"name": "MERL is discussed in SiFive Symposium held at NED Karachi", "description": "Dr. Naveed Sherwani talks about our MERL, in a symposium held in NED Karachi.", "video": "https://www.youtube.com/embed/O_negvK1OkE"}}, {"model": "talks.talks", "pk": 3, "fields": {"name": "RISC-V at OSFP LIVE event with Dr. Naveed Sherwani, Dr. Ali Ahmed", "description": "Open Source Summit 2020 organized by Open Source Foundation of Pakistan.\r\nOSFP is an organization that aims to promote Open-Source technologies in Pakistan with futuristic, innovative, and evangelistic mindset.\r\nIn this workshop Dr. Ali Ahmed discussed about this year contribution, achievement, and risc-v community building measures we did from MERL-UIT platform. He also embarks to achieve new milestones in year 2021. \r\nOpenSourceSummit2020 Workshop Day-5, guests of the session were Mr. Naveed Sherwani (President & CEO at SiFive), Dr. Ali Ahmed Ansari\r\n (Team Lead MERL-UIT), Dr. Bilal Zafar (VP Engineering Lampró Méllon).\r\nThis session moderated by Mr. Babar Zahoor (Founder OSFP).", "video": "https://www.youtube.com/embed/XH2x8uYLIAU"}}, {"model": "news.category", "pk": 1, "fields": {"name": "Tech News"}}, {"model": "news.category", "pk": 2, "fields": {"name": "Event"}}, {"model": "news.news", "pk": 2, "fields": {"title": "RISC-V Tech Symposium", "category": 2, "content": "Dr. Syed Roomi Naqvi visited the 2-day RISC-V Tech Symposium which was held on Dec 10,11, 2019. Yunsup Lee, CTO of SiFive did specifically mention the MERL-UIT Lab and how much he was impressed by the passion of the students there. \r\n              The key takeaways from the Symposium are: <br>\r\n                1. RISC-V is a movement that has garnered a lot of momentum and passion, the energy was palpable and it is paradigm is open source  EVERYTHING. As such it is very well suited for MERL research.<br>\r\n                2. RISC-V has got multiple high-level backers like Western Digital, Samsung, Ali Baba, etc.<br>\r\n                3. RISC-V is all about open source hardware and co-optimization of hardware and software.", "date": "2019-12-10", "cover": "RV3.png"}}, {"model": "news.news", "pk": 3, "fields": {"title": "MERL Becomes member of CHIPS Alliance", "category": 2, "content": "MERL has now become a part of Chips Alliance.<br>\r\n            For futher details please visit the link below:<br>\r\n            <a href=\"https://chipsalliance.org/\" target=\"_blank\">https://chipsalliance.org/</a>", "date": "2020-02-05", "cover": "RV2.png"}}, {"model": "news.news", "pk": 4, "fields": {"title": "MERL-UIT joins RISC-V International Summit", "category": 2, "content": "MERL-UIT, has successfully presented tutorial on Reverse Engineering of Rocket Chip in the 3<sup>rd</sup> annual <a href=\"https://www.linkedin.com/company/risc-v-international/\" target=\"_blank\">RISC-V International</a> summit, San Jose, California, USA. The program featured three days of talks around architectures, hardware, software, tools, verification and security, and case studies from the global RISC-V community.\r\n                <br>\r\n                 Technology companies and research institutions shared notable product updates, projects, and implementations, and discussed the role of the RISC-V instruction set architecture (ISA) in driving next generation of hardware, software, and intellectual property (IP). The event also featured an online exhibition hall and networking opportunities. \r\n                <br>", "date": "2020-12-10", "cover": "RV.png"}}, {"model": "news.news", "pk": 5, "fields": {"title": "TSMC Collabration", "category": 1, "content": "<a href=\"https://www.uit.edu\" target=\"_blank\">UIT Usman Institute of Technology</a>, is the one of Universities in Pakistan to have signed an NDA with Taiwan Semiconductor Manufacturing Company (TSMC) in Collaboration with MERL-UIT.\r\n                <br>\r\n                <a href=\"https://www.tsmc.com/english\" target=\"_blank\">TSMC</a> is the world's largest Semiconductor Foundry. TSMC provides an industry-leading specialty technologies portfolio that complements its advanced technology leadership. The company supports a thriving ecosystem of global customers and partners with the industry’s leading process technologies and portfolio of design enablement solutions to unleash innovation for the global semiconductor industry.", "date": "2020-12-20", "cover": "TSMC.png"}}, {"model": "news.news", "pk": 6, "fields": {"title": "Ghazi (غازی) Project Launch", "category": 1, "content": "Through continuous perseverance, devotion and\r\nselfless efforts of the entire team, we are pleased to announce a milestone achievement check:\r\n              <br><br>\r\n              \"First ever RISC-V based SOC tape out\"<br>Ghazi -SoC, written in Verilog, fabricated on 130nm SkyWater PDK.\r\n              <br>This will be first ever RISC-V Processor tapeout from Pakistan. <br>Thanks to \r\n              <a href=\"https://www.linkedin.com/company/google/\" target=\"_blank\">Google</a>, <a href=\"https://www.linkedin.com/company/efabless-com/\" target=\"_blank\">Efabless Corporation</a>, <a href=\"https://www.linkedin.com/company/fossi-foundation/\" target=\"_blank\">Free and Open Source Silicon (FOSSi) Foundation</a> and <a href=\"https://www.uit.edu\" target=\"_blank\">Usman Institute of Technology</a> for this wonderful opportunity and platform. \r\n              <br><br>Let's embark to achieve new milestones in year 2021. <br><br>Happy New Year 2021!", "date": "2020-12-15", "cover": "ghazi.jpg"}}, {"model": "news.news", "pk": 7, "fields": {"title": "Ibtida (ابتدا) Project Launch", "category": 1, "content": "Another good news, another tapeout, but this time for 𝐂𝐇𝐈𝐒𝐄𝐋 community.\r\n                <br>We started our journey from scratch with RISC-V, an opensource ISA and opensource tools and technology to\r\ntape out Pakistan’s first <a href=\"/ibtida.php\">Ibtida-(ابتد)</a> SoC written in CHISEL. The journey has gone through micro-architecture, verification and finally the GDS generation, all by using open source\r\n                tools.\r\n                <br>Thanks to <a href=\"https://www.linkedin.com/company/google/\" target=\"_blank\">Google</a> and <a href=\"https://www.linkedin.com/company/fossi-foundation/\" target=\"_blank\">Free and Open Source Silicon (FOSSi) Foundation</a> \r\n                for free tapeouts, <a href=\"https://www.linkedin.com/company/skywater-technology-foundry\" target_\"_blank\"=\"\">Skywater</a>, <a href=\"https://www.linkedin.com/company/efabless-com/\" target_\"_blank\"=\"\">Efabless Corporation</a> for free 130nm PDKs, \r\n                University of California, Berkeley for RISC-V and  <a href=\"https://www.uit.edu\" target=\"_blank\">UIT Usman Institute of Technology</a>  for believing in us.\r\n                <br>The Constructing Hardware in a Scala Embedded Language (CHISEL) is an open-source Hardware Construction language (HCL) that inherits the object-oriented functional aspects of Scala \r\n                for describing digital hardware, developed by <a href=\"https://www.linkedin.com/company/uc-berkeley/\" target=\"_blank\">University of California, Berkeley</a>.", "date": "2021-01-01", "cover": "ibtida_GGoK7NO.jpg"}}, {"model": "news.news", "pk": 8, "fields": {"title": "Pakistan's 1st Microprocessor", "category": 1, "content": "Remarkable Achievement by MERL-UITU, Developed Pakistan’s First Microprocessor. Making\r\nthe use of open resource technology in collaboration with Google, Two Systems-On-Chip\r\nMicroprocessors contain RISC-V in Pakistan’s initial “Microelectronics Research Lab” at Usman\r\nInstitute of Technology University, an IT engineering Institute of Pakistan.\r\n\r\nThese microprocessors were made under a Google-funded program and were chosen 40 open\r\nsolution processors designed in different countries all over the world that have arrived at UITU,\r\nPakistan in chip layout on 29 th December 2021.", "date": "2021-12-29", "cover": "Pakistans_1st_Microprocessor.png"}}, {"model": "news.news", "pk": 9, "fields": {"title": "Opening Barriers of Semiconductor Revolution in Pakistan", "category": 1, "content": "MERL is a project aimed to enable Pakistan to become a recognized global player in the\r\nmicroelectronics industry. Asim praised the idea of MERL and assured to collaborate in future.\r\nhave developed the country’s first homegrown open-source microprocessor. The UIT team\r\nleveraged the RISC-V based open-source architecture to produce the said processor that may\r\ntransform the local tech manufacturing industry.\r\nBehind the remarkable development are UIT’s undergraduate engineering and computer\r\nscience students, faculty, and a couple of international mentors. UIT is the only undergraduate\r\ninstitute in Pakistan to be teaching processor designing based on RISC-V in undergraduate\r\nprogram.", "date": "2021-12-29", "cover": "Opening_Barriers_of_Semiconductor_Revolution_in_Pakistan_1.png"}}, {"model": "news.news", "pk": 10, "fields": {"title": "First Verilog based Indigeneously built Microprocessor of Pakistan", "category": 1, "content": "An SoC (System on a Chip) design for Google sponsored Open MPW shuttles for SKY130. The\r\nprocessor core is the 3-stage version of the Buraq Core RV32IMC. The hardware\r\nimplementation incorporates options such as IRQ, Multiply, Divide and the compressed (16 bit)\r\nISA for embedded applications. The SoC has peripherals such as GPIO, UART, a platform level\r\ninterrupt controller (PLIC) as well as a timer and a debug module all connected using the Tilelink\r\nInterconnect and is going to be fabricated using a 130nm process in collaboration with Efabless\r\nand SkyWater which will be funded by Google.\r\nFEATURES:\r\n<ul>\r\n<li>Support for M extension with a single cycle &quot;Fast&quot; multiplier</li>\r\n<li>Separate instruction and data memories</li>\r\n<li>Tilelink Un-Cached Lightweight (TL-UL) Bus Protocol</li>\r\n<li>32 GPIO with configurable interrupts and option for masked writing</li>\r\n<li>2 pin full duplex UART</li>\r\n<li>RISC-V compliant interrupt controller</li>\r\n<li>64-bit timer with 12-bit prescaler and 8-bit step register</li>\r\n<li>JTAG Test Access Port (TAP) for debug</li>\r\n</ul>", "date": "2021-12-29", "cover": "GHAZI_1.png"}}, {"model": "news.news", "pk": 11, "fields": {"title": "First CHISEL based Indigenously Built Microprocessor of Pakistan", "category": 1, "content": "“Ibtida” means &quot;The Beginning&quot;, this System on a Chip (SoC) is the start of many RISC-V based\r\nSoCs to come. It is the first CHISEL-based chip to be taped out from Pakistan, and has been\r\ndesigned by Muhammad Hadir Khan, Sajjad Ahmed, and Usman Zain; engineering graduate and\r\nundergraduate students respectively. The physical layout of the design is achieved by Aireen\r\nAmir Jalal, who is also an engineering graduate. Ibtida is a simple SoC, with GPIO as a\r\nperipheral, external instruction and data memories, connected with the TileLink interconnect. It\r\nis built around RISC-V based 5 stage pipelined core Buraq-Mini, all developed from scratch using\r\nCHISEL HCL.\r\nFEATURES:\r\n<ul>\r\n<li>RV32IM extension support.</li>\r\n<li>5 stage pipelined core.</li>\r\n<li>Separate instruction and data memories (each 256 Bytes).</li>\r\n<li>TileLink Un-Cached Lightweight (TL-UL) Bus Protocol.</li>\r\n<li>GPIO peripheral with 30 I/Os connected to the I/O pads.</li>\r\n</ul>", "date": "2021-12-29", "cover": "IBTIDA_2.png"}}, {"model": "testimonials.platform", "pk": 1, "fields": {"name": "LinkedIn", "icon": "fa fa-linkedin-square"}}, {"model": "testimonials.platform", "pk": 2, "fields": {"name": "Youtube", "icon": "fa fa-youtube-square"}}, {"model": "testimonials.testimonials", "pk": 2, "fields": {"content": "If these processors can be built in Usman Institute then it can be built anywhere. <br /> <br /> <h6>-- SiFive Symposium NED University, Karachi</h6><h6>[translated from Urdu]</h6>", "author": "Naveed Sherwani", "platform": 2, "link": "https://www.youtube.com/watch?v=O_negvK1OkE&t=14s&ab_channel=MicroElectronicsResearchLab-UIT"}}, {"model": "testimonials.testimonials", "pk": 3, "fields": {"content": "These Undergraduate students were so passionate about RISC-V and they were so eager to show me the cool RISC-V processors they have made. At that point, I forgot about the competition and I was like \"We are changing the world\"\r\n<br />\r\n<br />\r\n<h6> --- RISC-V Summit 2019 </h6>", "author": "Dr. Yunsup Lee (SiFive)", "platform": 2, "link": "https://www.youtube.com/watch?v=HRdw202Fneg&t=71s"}}, {"model": "pages.collabs", "pk": 2, "fields": {"name": "RISC-V", "pic": "Standard_2.png"}}, {"model": "pages.collabs", "pk": 3, "fields": {"name": "Chips Alliance", "pic": "chips_alliance-color-removebg-preview_s5KAObP.png"}}, {"model": "pages.collabs", "pk": 4, "fields": {"name": "TSMC", "pic": "Tsmc.png"}}, {"model": "pages.collabs", "pk": 5, "fields": {"name": "Cadence", "pic": "Cadence_Logo_2019-removebg-preview.png"}}, {"model": "pages.collabs", "pk": 6, "fields": {"name": "ARM", "pic": "1280px-Arm_logo_2017.svg-removebg-preview.png"}}]